icon,rarity_index,rarity_slug,rarity_label,color,border_color,background,box_shadow,svg_path,png_path
Arbalette,0,commun,Commun,#000000,"rgba(216, 216, 216, 0.38)","rgba(216, 216, 216, 0.10)",,svg/Arbalette/Arbalette_R00_commun.svg,png_512/Arbalette/Arbalette_R00_commun.png
Arbalette,1,peu-commun,Peu commun,#9dffb0,"rgba(157, 255, 176, 0.42)","rgba(157, 255, 176, 0.12)",,svg/Arbalette/Arbalette_R01_peu-commun.svg,png_512/Arbalette/Arbalette_R01_peu-commun.png
Arbalette,2,inhabituel,Inhabituel,#7ee1ff,"rgba(126, 231, 255, 0.42)","rgba(126, 231, 255, 0.12)",,svg/Arbalette/Arbalette_R02_inhabituel.svg,png_512/Arbalette/Arbalette_R02_inhabituel.png
Arbalette,3,rare,Rare,#6aa8ff,"rgba(106, 168, 255, 0.48)","rgba(106, 168, 255, 0.13)",,svg/Arbalette/Arbalette_R03_rare.svg,png_512/Arbalette/Arbalette_R03_rare.png
Arbalette,4,exceptionnel,Exceptionnel,#b48cff,"rgba(180, 140, 255, 0.50)","rgba(180, 140, 255, 0.14)",,svg/Arbalette/Arbalette_R04_exceptionnel.svg,png_512/Arbalette/Arbalette_R04_exceptionnel.png
Arbalette,5,precieux,Précieux,#ffd36a,"rgba(255, 211, 106, 0.52)","rgba(255, 211, 106, 0.15)",,svg/Arbalette/Arbalette_R05_precieux.svg,png_512/Arbalette/Arbalette_R05_precieux.png
Arbalette,6,epique,Épique,#ff7ee7,"rgba(255, 126, 231, 0.52)","rgba(255, 126, 231, 0.15)",,svg/Arbalette/Arbalette_R06_epique.svg,png_512/Arbalette/Arbalette_R06_epique.png
Arbalette,7,legendaire,Légendaire,#ff9f43,"rgba(255, 159, 67, 0.56)","rgba(255, 159, 67, 0.16)",,svg/Arbalette/Arbalette_R07_legendaire.svg,png_512/Arbalette/Arbalette_R07_legendaire.png
Arbalette,8,mythique,Mythique,#ff5f6d,"rgba(255, 95, 109, 0.58)","rgba(255, 95, 109, 0.16)",,svg/Arbalette/Arbalette_R08_mythique.svg,png_512/Arbalette/Arbalette_R08_mythique.png
Arbalette,9,artefact,Artefact,#ff009d,"rgba(255, 255, 255, 0.62)","linear-gradient(135deg, rgba(255, 255, 255, 0.18), rgba(241, 197, 106, 0.12))","0 0 18px rgba(255, 255, 255, 0.12)",svg/Arbalette/Arbalette_R09_artefact.svg,png_512/Arbalette/Arbalette_R09_artefact.png
Arbalette,10,objet-divin,Objet divin,#ffd900,"rgba(255, 243, 176, 0.75)","linear-gradient(135deg, rgba(255, 243, 176, 0.25), rgba(255, 126, 231, 0.14))","0 0 18px rgba(255, 243, 176, 0.22), 0 0 36px rgba(255, 126, 231, 0.10)",svg/Arbalette/Arbalette_R10_objet-divin.svg,png_512/Arbalette/Arbalette_R10_objet-divin.png
Arc,0,commun,Commun,#000000,"rgba(216, 216, 216, 0.38)","rgba(216, 216, 216, 0.10)",,svg/Arc/Arc_R00_commun.svg,png_512/Arc/Arc_R00_commun.png
Arc,1,peu-commun,Peu commun,#9dffb0,"rgba(157, 255, 176, 0.42)","rgba(157, 255, 176, 0.12)",,svg/Arc/Arc_R01_peu-commun.svg,png_512/Arc/Arc_R01_peu-commun.png
Arc,2,inhabituel,Inhabituel,#7ee1ff,"rgba(126, 231, 255, 0.42)","rgba(126, 231, 255, 0.12)",,svg/Arc/Arc_R02_inhabituel.svg,png_512/Arc/Arc_R02_inhabituel.png
Arc,3,rare,Rare,#6aa8ff,"rgba(106, 168, 255, 0.48)","rgba(106, 168, 255, 0.13)",,svg/Arc/Arc_R03_rare.svg,png_512/Arc/Arc_R03_rare.png
Arc,4,exceptionnel,Exceptionnel,#b48cff,"rgba(180, 140, 255, 0.50)","rgba(180, 140, 255, 0.14)",,svg/Arc/Arc_R04_exceptionnel.svg,png_512/Arc/Arc_R04_exceptionnel.png
Arc,5,precieux,Précieux,#ffd36a,"rgba(255, 211, 106, 0.52)","rgba(255, 211, 106, 0.15)",,svg/Arc/Arc_R05_precieux.svg,png_512/Arc/Arc_R05_precieux.png
Arc,6,epique,Épique,#ff7ee7,"rgba(255, 126, 231, 0.52)","rgba(255, 126, 231, 0.15)",,svg/Arc/Arc_R06_epique.svg,png_512/Arc/Arc_R06_epique.png
Arc,7,legendaire,Légendaire,#ff9f43,"rgba(255, 159, 67, 0.56)","rgba(255, 159, 67, 0.16)",,svg/Arc/Arc_R07_legendaire.svg,png_512/Arc/Arc_R07_legendaire.png
Arc,8,mythique,Mythique,#ff5f6d,"rgba(255, 95, 109, 0.58)","rgba(255, 95, 109, 0.16)",,svg/Arc/Arc_R08_mythique.svg,png_512/Arc/Arc_R08_mythique.png
Arc,9,artefact,Artefact,#ff009d,"rgba(255, 255, 255, 0.62)","linear-gradient(135deg, rgba(255, 255, 255, 0.18), rgba(241, 197, 106, 0.12))","0 0 18px rgba(255, 255, 255, 0.12)",svg/Arc/Arc_R09_artefact.svg,png_512/Arc/Arc_R09_artefact.png
Arc,10,objet-divin,Objet divin,#ffd900,"rgba(255, 243, 176, 0.75)","linear-gradient(135deg, rgba(255, 243, 176, 0.25), rgba(255, 126, 231, 0.14))","0 0 18px rgba(255, 243, 176, 0.22), 0 0 36px rgba(255, 126, 231, 0.10)",svg/Arc/Arc_R10_objet-divin.svg,png_512/Arc/Arc_R10_objet-divin.png
Baton,0,commun,Commun,#000000,"rgba(216, 216, 216, 0.38)","rgba(216, 216, 216, 0.10)",,svg/Baton/Baton_R00_commun.svg,png_512/Baton/Baton_R00_commun.png
Baton,1,peu-commun,Peu commun,#9dffb0,"rgba(157, 255, 176, 0.42)","rgba(157, 255, 176, 0.12)",,svg/Baton/Baton_R01_peu-commun.svg,png_512/Baton/Baton_R01_peu-commun.png
Baton,2,inhabituel,Inhabituel,#7ee1ff,"rgba(126, 231, 255, 0.42)","rgba(126, 231, 255, 0.12)",,svg/Baton/Baton_R02_inhabituel.svg,png_512/Baton/Baton_R02_inhabituel.png
Baton,3,rare,Rare,#6aa8ff,"rgba(106, 168, 255, 0.48)","rgba(106, 168, 255, 0.13)",,svg/Baton/Baton_R03_rare.svg,png_512/Baton/Baton_R03_rare.png
Baton,4,exceptionnel,Exceptionnel,#b48cff,"rgba(180, 140, 255, 0.50)","rgba(180, 140, 255, 0.14)",,svg/Baton/Baton_R04_exceptionnel.svg,png_512/Baton/Baton_R04_exceptionnel.png
Baton,5,precieux,Précieux,#ffd36a,"rgba(255, 211, 106, 0.52)","rgba(255, 211, 106, 0.15)",,svg/Baton/Baton_R05_precieux.svg,png_512/Baton/Baton_R05_precieux.png
Baton,6,epique,Épique,#ff7ee7,"rgba(255, 126, 231, 0.52)","rgba(255, 126, 231, 0.15)",,svg/Baton/Baton_R06_epique.svg,png_512/Baton/Baton_R06_epique.png
Baton,7,legendaire,Légendaire,#ff9f43,"rgba(255, 159, 67, 0.56)","rgba(255, 159, 67, 0.16)",,svg/Baton/Baton_R07_legendaire.svg,png_512/Baton/Baton_R07_legendaire.png
Baton,8,mythique,Mythique,#ff5f6d,"rgba(255, 95, 109, 0.58)","rgba(255, 95, 109, 0.16)",,svg/Baton/Baton_R08_mythique.svg,png_512/Baton/Baton_R08_mythique.png
Baton,9,artefact,Artefact,#ff009d,"rgba(255, 255, 255, 0.62)","linear-gradient(135deg, rgba(255, 255, 255, 0.18), rgba(241, 197, 106, 0.12))","0 0 18px rgba(255, 255, 255, 0.12)",svg/Baton/Baton_R09_artefact.svg,png_512/Baton/Baton_R09_artefact.png
Baton,10,objet-divin,Objet divin,#ffd900,"rgba(255, 243, 176, 0.75)","linear-gradient(135deg, rgba(255, 243, 176, 0.25), rgba(255, 126, 231, 0.14))","0 0 18px rgba(255, 243, 176, 0.22), 0 0 36px rgba(255, 126, 231, 0.10)",svg/Baton/Baton_R10_objet-divin.svg,png_512/Baton/Baton_R10_objet-divin.png
belt,0,commun,Commun,#000000,"rgba(216, 216, 216, 0.38)","rgba(216, 216, 216, 0.10)",,svg/belt/belt_R00_commun.svg,png_512/belt/belt_R00_commun.png
belt,1,peu-commun,Peu commun,#9dffb0,"rgba(157, 255, 176, 0.42)","rgba(157, 255, 176, 0.12)",,svg/belt/belt_R01_peu-commun.svg,png_512/belt/belt_R01_peu-commun.png
belt,2,inhabituel,Inhabituel,#7ee1ff,"rgba(126, 231, 255, 0.42)","rgba(126, 231, 255, 0.12)",,svg/belt/belt_R02_inhabituel.svg,png_512/belt/belt_R02_inhabituel.png
belt,3,rare,Rare,#6aa8ff,"rgba(106, 168, 255, 0.48)","rgba(106, 168, 255, 0.13)",,svg/belt/belt_R03_rare.svg,png_512/belt/belt_R03_rare.png
belt,4,exceptionnel,Exceptionnel,#b48cff,"rgba(180, 140, 255, 0.50)","rgba(180, 140, 255, 0.14)",,svg/belt/belt_R04_exceptionnel.svg,png_512/belt/belt_R04_exceptionnel.png
belt,5,precieux,Précieux,#ffd36a,"rgba(255, 211, 106, 0.52)","rgba(255, 211, 106, 0.15)",,svg/belt/belt_R05_precieux.svg,png_512/belt/belt_R05_precieux.png
belt,6,epique,Épique,#ff7ee7,"rgba(255, 126, 231, 0.52)","rgba(255, 126, 231, 0.15)",,svg/belt/belt_R06_epique.svg,png_512/belt/belt_R06_epique.png
belt,7,legendaire,Légendaire,#ff9f43,"rgba(255, 159, 67, 0.56)","rgba(255, 159, 67, 0.16)",,svg/belt/belt_R07_legendaire.svg,png_512/belt/belt_R07_legendaire.png
belt,8,mythique,Mythique,#ff5f6d,"rgba(255, 95, 109, 0.58)","rgba(255, 95, 109, 0.16)",,svg/belt/belt_R08_mythique.svg,png_512/belt/belt_R08_mythique.png
belt,9,artefact,Artefact,#ff009d,"rgba(255, 255, 255, 0.62)","linear-gradient(135deg, rgba(255, 255, 255, 0.18), rgba(241, 197, 106, 0.12))","0 0 18px rgba(255, 255, 255, 0.12)",svg/belt/belt_R09_artefact.svg,png_512/belt/belt_R09_artefact.png
belt,10,objet-divin,Objet divin,#ffd900,"rgba(255, 243, 176, 0.75)","linear-gradient(135deg, rgba(255, 243, 176, 0.25), rgba(255, 126, 231, 0.14))","0 0 18px rgba(255, 243, 176, 0.22), 0 0 36px rgba(255, 126, 231, 0.10)",svg/belt/belt_R10_objet-divin.svg,png_512/belt/belt_R10_objet-divin.png
boots,0,commun,Commun,#000000,"rgba(216, 216, 216, 0.38)","rgba(216, 216, 216, 0.10)",,svg/boots/boots_R00_commun.svg,png_512/boots/boots_R00_commun.png
boots,1,peu-commun,Peu commun,#9dffb0,"rgba(157, 255, 176, 0.42)","rgba(157, 255, 176, 0.12)",,svg/boots/boots_R01_peu-commun.svg,png_512/boots/boots_R01_peu-commun.png
boots,2,inhabituel,Inhabituel,#7ee1ff,"rgba(126, 231, 255, 0.42)","rgba(126, 231, 255, 0.12)",,svg/boots/boots_R02_inhabituel.svg,png_512/boots/boots_R02_inhabituel.png
boots,3,rare,Rare,#6aa8ff,"rgba(106, 168, 255, 0.48)","rgba(106, 168, 255, 0.13)",,svg/boots/boots_R03_rare.svg,png_512/boots/boots_R03_rare.png
boots,4,exceptionnel,Exceptionnel,#b48cff,"rgba(180, 140, 255, 0.50)","rgba(180, 140, 255, 0.14)",,svg/boots/boots_R04_exceptionnel.svg,png_512/boots/boots_R04_exceptionnel.png
boots,5,precieux,Précieux,#ffd36a,"rgba(255, 211, 106, 0.52)","rgba(255, 211, 106, 0.15)",,svg/boots/boots_R05_precieux.svg,png_512/boots/boots_R05_precieux.png
boots,6,epique,Épique,#ff7ee7,"rgba(255, 126, 231, 0.52)","rgba(255, 126, 231, 0.15)",,svg/boots/boots_R06_epique.svg,png_512/boots/boots_R06_epique.png
boots,7,legendaire,Légendaire,#ff9f43,"rgba(255, 159, 67, 0.56)","rgba(255, 159, 67, 0.16)",,svg/boots/boots_R07_legendaire.svg,png_512/boots/boots_R07_legendaire.png
boots,8,mythique,Mythique,#ff5f6d,"rgba(255, 95, 109, 0.58)","rgba(255, 95, 109, 0.16)",,svg/boots/boots_R08_mythique.svg,png_512/boots/boots_R08_mythique.png
boots,9,artefact,Artefact,#ff009d,"rgba(255, 255, 255, 0.62)","linear-gradient(135deg, rgba(255, 255, 255, 0.18), rgba(241, 197, 106, 0.12))","0 0 18px rgba(255, 255, 255, 0.12)",svg/boots/boots_R09_artefact.svg,png_512/boots/boots_R09_artefact.png
boots,10,objet-divin,Objet divin,#ffd900,"rgba(255, 243, 176, 0.75)","linear-gradient(135deg, rgba(255, 243, 176, 0.25), rgba(255, 126, 231, 0.14))","0 0 18px rgba(255, 243, 176, 0.22), 0 0 36px rgba(255, 126, 231, 0.10)",svg/boots/boots_R10_objet-divin.svg,png_512/boots/boots_R10_objet-divin.png
broadhead-arrow,0,commun,Commun,#000000,"rgba(216, 216, 216, 0.38)","rgba(216, 216, 216, 0.10)",,svg/broadhead-arrow/broadhead-arrow_R00_commun.svg,png_512/broadhead-arrow/broadhead-arrow_R00_commun.png
broadhead-arrow,1,peu-commun,Peu commun,#9dffb0,"rgba(157, 255, 176, 0.42)","rgba(157, 255, 176, 0.12)",,svg/broadhead-arrow/broadhead-arrow_R01_peu-commun.svg,png_512/broadhead-arrow/broadhead-arrow_R01_peu-commun.png
broadhead-arrow,2,inhabituel,Inhabituel,#7ee1ff,"rgba(126, 231, 255, 0.42)","rgba(126, 231, 255, 0.12)",,svg/broadhead-arrow/broadhead-arrow_R02_inhabituel.svg,png_512/broadhead-arrow/broadhead-arrow_R02_inhabituel.png
broadhead-arrow,3,rare,Rare,#6aa8ff,"rgba(106, 168, 255, 0.48)","rgba(106, 168, 255, 0.13)",,svg/broadhead-arrow/broadhead-arrow_R03_rare.svg,png_512/broadhead-arrow/broadhead-arrow_R03_rare.png
broadhead-arrow,4,exceptionnel,Exceptionnel,#b48cff,"rgba(180, 140, 255, 0.50)","rgba(180, 140, 255, 0.14)",,svg/broadhead-arrow/broadhead-arrow_R04_exceptionnel.svg,png_512/broadhead-arrow/broadhead-arrow_R04_exceptionnel.png
broadhead-arrow,5,precieux,Précieux,#ffd36a,"rgba(255, 211, 106, 0.52)","rgba(255, 211, 106, 0.15)",,svg/broadhead-arrow/broadhead-arrow_R05_precieux.svg,png_512/broadhead-arrow/broadhead-arrow_R05_precieux.png
broadhead-arrow,6,epique,Épique,#ff7ee7,"rgba(255, 126, 231, 0.52)","rgba(255, 126, 231, 0.15)",,svg/broadhead-arrow/broadhead-arrow_R06_epique.svg,png_512/broadhead-arrow/broadhead-arrow_R06_epique.png
broadhead-arrow,7,legendaire,Légendaire,#ff9f43,"rgba(255, 159, 67, 0.56)","rgba(255, 159, 67, 0.16)",,svg/broadhead-arrow/broadhead-arrow_R07_legendaire.svg,png_512/broadhead-arrow/broadhead-arrow_R07_legendaire.png
broadhead-arrow,8,mythique,Mythique,#ff5f6d,"rgba(255, 95, 109, 0.58)","rgba(255, 95, 109, 0.16)",,svg/broadhead-arrow/broadhead-arrow_R08_mythique.svg,png_512/broadhead-arrow/broadhead-arrow_R08_mythique.png
broadhead-arrow,9,artefact,Artefact,#ff009d,"rgba(255, 255, 255, 0.62)","linear-gradient(135deg, rgba(255, 255, 255, 0.18), rgba(241, 197, 106, 0.12))","0 0 18px rgba(255, 255, 255, 0.12)",svg/broadhead-arrow/broadhead-arrow_R09_artefact.svg,png_512/broadhead-arrow/broadhead-arrow_R09_artefact.png
broadhead-arrow,10,objet-divin,Objet divin,#ffd900,"rgba(255, 243, 176, 0.75)","linear-gradient(135deg, rgba(255, 243, 176, 0.25), rgba(255, 126, 231, 0.14))","0 0 18px rgba(255, 243, 176, 0.22), 0 0 36px rgba(255, 126, 231, 0.10)",svg/broadhead-arrow/broadhead-arrow_R10_objet-divin.svg,png_512/broadhead-arrow/broadhead-arrow_R10_objet-divin.png
Chemise_de_maille,0,commun,Commun,#000000,"rgba(216, 216, 216, 0.38)","rgba(216, 216, 216, 0.10)",,svg/Chemise_de_maille/Chemise_de_maille_R00_commun.svg,png_512/Chemise_de_maille/Chemise_de_maille_R00_commun.png
Chemise_de_maille,1,peu-commun,Peu commun,#9dffb0,"rgba(157, 255, 176, 0.42)","rgba(157, 255, 176, 0.12)",,svg/Chemise_de_maille/Chemise_de_maille_R01_peu-commun.svg,png_512/Chemise_de_maille/Chemise_de_maille_R01_peu-commun.png
Chemise_de_maille,2,inhabituel,Inhabituel,#7ee1ff,"rgba(126, 231, 255, 0.42)","rgba(126, 231, 255, 0.12)",,svg/Chemise_de_maille/Chemise_de_maille_R02_inhabituel.svg,png_512/Chemise_de_maille/Chemise_de_maille_R02_inhabituel.png
Chemise_de_maille,3,rare,Rare,#6aa8ff,"rgba(106, 168, 255, 0.48)","rgba(106, 168, 255, 0.13)",,svg/Chemise_de_maille/Chemise_de_maille_R03_rare.svg,png_512/Chemise_de_maille/Chemise_de_maille_R03_rare.png
Chemise_de_maille,4,exceptionnel,Exceptionnel,#b48cff,"rgba(180, 140, 255, 0.50)","rgba(180, 140, 255, 0.14)",,svg/Chemise_de_maille/Chemise_de_maille_R04_exceptionnel.svg,png_512/Chemise_de_maille/Chemise_de_maille_R04_exceptionnel.png
Chemise_de_maille,5,precieux,Précieux,#ffd36a,"rgba(255, 211, 106, 0.52)","rgba(255, 211, 106, 0.15)",,svg/Chemise_de_maille/Chemise_de_maille_R05_precieux.svg,png_512/Chemise_de_maille/Chemise_de_maille_R05_precieux.png
Chemise_de_maille,6,epique,Épique,#ff7ee7,"rgba(255, 126, 231, 0.52)","rgba(255, 126, 231, 0.15)",,svg/Chemise_de_maille/Chemise_de_maille_R06_epique.svg,png_512/Chemise_de_maille/Chemise_de_maille_R06_epique.png
Chemise_de_maille,7,legendaire,Légendaire,#ff9f43,"rgba(255, 159, 67, 0.56)","rgba(255, 159, 67, 0.16)",,svg/Chemise_de_maille/Chemise_de_maille_R07_legendaire.svg,png_512/Chemise_de_maille/Chemise_de_maille_R07_legendaire.png
Chemise_de_maille,8,mythique,Mythique,#ff5f6d,"rgba(255, 95, 109, 0.58)","rgba(255, 95, 109, 0.16)",,svg/Chemise_de_maille/Chemise_de_maille_R08_mythique.svg,png_512/Chemise_de_maille/Chemise_de_maille_R08_mythique.png
Chemise_de_maille,9,artefact,Artefact,#ff009d,"rgba(255, 255, 255, 0.62)","linear-gradient(135deg, rgba(255, 255, 255, 0.18), rgba(241, 197, 106, 0.12))","0 0 18px rgba(255, 255, 255, 0.12)",svg/Chemise_de_maille/Chemise_de_maille_R09_artefact.svg,png_512/Chemise_de_maille/Chemise_de_maille_R09_artefact.png
Chemise_de_maille,10,objet-divin,Objet divin,#ffd900,"rgba(255, 243, 176, 0.75)","linear-gradient(135deg, rgba(255, 243, 176, 0.25), rgba(255, 126, 231, 0.14))","0 0 18px rgba(255, 243, 176, 0.22), 0 0 36px rgba(255, 126, 231, 0.10)",svg/Chemise_de_maille/Chemise_de_maille_R10_objet-divin.svg,png_512/Chemise_de_maille/Chemise_de_maille_R10_objet-divin.png
cloak,0,commun,Commun,#000000,"rgba(216, 216, 216, 0.38)","rgba(216, 216, 216, 0.10)",,svg/cloak/cloak_R00_commun.svg,png_512/cloak/cloak_R00_commun.png
cloak,1,peu-commun,Peu commun,#9dffb0,"rgba(157, 255, 176, 0.42)","rgba(157, 255, 176, 0.12)",,svg/cloak/cloak_R01_peu-commun.svg,png_512/cloak/cloak_R01_peu-commun.png
cloak,2,inhabituel,Inhabituel,#7ee1ff,"rgba(126, 231, 255, 0.42)","rgba(126, 231, 255, 0.12)",,svg/cloak/cloak_R02_inhabituel.svg,png_512/cloak/cloak_R02_inhabituel.png
cloak,3,rare,Rare,#6aa8ff,"rgba(106, 168, 255, 0.48)","rgba(106, 168, 255, 0.13)",,svg/cloak/cloak_R03_rare.svg,png_512/cloak/cloak_R03_rare.png
cloak,4,exceptionnel,Exceptionnel,#b48cff,"rgba(180, 140, 255, 0.50)","rgba(180, 140, 255, 0.14)",,svg/cloak/cloak_R04_exceptionnel.svg,png_512/cloak/cloak_R04_exceptionnel.png
cloak,5,precieux,Précieux,#ffd36a,"rgba(255, 211, 106, 0.52)","rgba(255, 211, 106, 0.15)",,svg/cloak/cloak_R05_precieux.svg,png_512/cloak/cloak_R05_precieux.png
cloak,6,epique,Épique,#ff7ee7,"rgba(255, 126, 231, 0.52)","rgba(255, 126, 231, 0.15)",,svg/cloak/cloak_R06_epique.svg,png_512/cloak/cloak_R06_epique.png
cloak,7,legendaire,Légendaire,#ff9f43,"rgba(255, 159, 67, 0.56)","rgba(255, 159, 67, 0.16)",,svg/cloak/cloak_R07_legendaire.svg,png_512/cloak/cloak_R07_legendaire.png
cloak,8,mythique,Mythique,#ff5f6d,"rgba(255, 95, 109, 0.58)","rgba(255, 95, 109, 0.16)",,svg/cloak/cloak_R08_mythique.svg,png_512/cloak/cloak_R08_mythique.png
cloak,9,artefact,Artefact,#ff009d,"rgba(255, 255, 255, 0.62)","linear-gradient(135deg, rgba(255, 255, 255, 0.18), rgba(241, 197, 106, 0.12))","0 0 18px rgba(255, 255, 255, 0.12)",svg/cloak/cloak_R09_artefact.svg,png_512/cloak/cloak_R09_artefact.png
cloak,10,objet-divin,Objet divin,#ffd900,"rgba(255, 243, 176, 0.75)","linear-gradient(135deg, rgba(255, 243, 176, 0.25), rgba(255, 126, 231, 0.14))","0 0 18px rgba(255, 243, 176, 0.22), 0 0 36px rgba(255, 126, 231, 0.10)",svg/cloak/cloak_R10_objet-divin.svg,png_512/cloak/cloak_R10_objet-divin.png
Cuir,0,commun,Commun,#000000,"rgba(216, 216, 216, 0.38)","rgba(216, 216, 216, 0.10)",,svg/Cuir/Cuir_R00_commun.svg,png_512/Cuir/Cuir_R00_commun.png
Cuir,1,peu-commun,Peu commun,#9dffb0,"rgba(157, 255, 176, 0.42)","rgba(157, 255, 176, 0.12)",,svg/Cuir/Cuir_R01_peu-commun.svg,png_512/Cuir/Cuir_R01_peu-commun.png
Cuir,2,inhabituel,Inhabituel,#7ee1ff,"rgba(126, 231, 255, 0.42)","rgba(126, 231, 255, 0.12)",,svg/Cuir/Cuir_R02_inhabituel.svg,png_512/Cuir/Cuir_R02_inhabituel.png
Cuir,3,rare,Rare,#6aa8ff,"rgba(106, 168, 255, 0.48)","rgba(106, 168, 255, 0.13)",,svg/Cuir/Cuir_R03_rare.svg,png_512/Cuir/Cuir_R03_rare.png
Cuir,4,exceptionnel,Exceptionnel,#b48cff,"rgba(180, 140, 255, 0.50)","rgba(180, 140, 255, 0.14)",,svg/Cuir/Cuir_R04_exceptionnel.svg,png_512/Cuir/Cuir_R04_exceptionnel.png
Cuir,5,precieux,Précieux,#ffd36a,"rgba(255, 211, 106, 0.52)","rgba(255, 211, 106, 0.15)",,svg/Cuir/Cuir_R05_precieux.svg,png_512/Cuir/Cuir_R05_precieux.png
Cuir,6,epique,Épique,#ff7ee7,"rgba(255, 126, 231, 0.52)","rgba(255, 126, 231, 0.15)",,svg/Cuir/Cuir_R06_epique.svg,png_512/Cuir/Cuir_R06_epique.png
Cuir,7,legendaire,Légendaire,#ff9f43,"rgba(255, 159, 67, 0.56)","rgba(255, 159, 67, 0.16)",,svg/Cuir/Cuir_R07_legendaire.svg,png_512/Cuir/Cuir_R07_legendaire.png
Cuir,8,mythique,Mythique,#ff5f6d,"rgba(255, 95, 109, 0.58)","rgba(255, 95, 109, 0.16)",,svg/Cuir/Cuir_R08_mythique.svg,png_512/Cuir/Cuir_R08_mythique.png
Cuir,9,artefact,Artefact,#ff009d,"rgba(255, 255, 255, 0.62)","linear-gradient(135deg, rgba(255, 255, 255, 0.18), rgba(241, 197, 106, 0.12))","0 0 18px rgba(255, 255, 255, 0.12)",svg/Cuir/Cuir_R09_artefact.svg,png_512/Cuir/Cuir_R09_artefact.png
Cuir,10,objet-divin,Objet divin,#ffd900,"rgba(255, 243, 176, 0.75)","linear-gradient(135deg, rgba(255, 243, 176, 0.25), rgba(255, 126, 231, 0.14))","0 0 18px rgba(255, 243, 176, 0.22), 0 0 36px rgba(255, 126, 231, 0.10)",svg/Cuir/Cuir_R10_objet-divin.svg,png_512/Cuir/Cuir_R10_objet-divin.png
Dague,0,commun,Commun,#000000,"rgba(216, 216, 216, 0.38)","rgba(216, 216, 216, 0.10)",,svg/Dague/Dague_R00_commun.svg,png_512/Dague/Dague_R00_commun.png
Dague,1,peu-commun,Peu commun,#9dffb0,"rgba(157, 255, 176, 0.42)","rgba(157, 255, 176, 0.12)",,svg/Dague/Dague_R01_peu-commun.svg,png_512/Dague/Dague_R01_peu-commun.png
Dague,2,inhabituel,Inhabituel,#7ee1ff,"rgba(126, 231, 255, 0.42)","rgba(126, 231, 255, 0.12)",,svg/Dague/Dague_R02_inhabituel.svg,png_512/Dague/Dague_R02_inhabituel.png
Dague,3,rare,Rare,#6aa8ff,"rgba(106, 168, 255, 0.48)","rgba(106, 168, 255, 0.13)",,svg/Dague/Dague_R03_rare.svg,png_512/Dague/Dague_R03_rare.png
Dague,4,exceptionnel,Exceptionnel,#b48cff,"rgba(180, 140, 255, 0.50)","rgba(180, 140, 255, 0.14)",,svg/Dague/Dague_R04_exceptionnel.svg,png_512/Dague/Dague_R04_exceptionnel.png
Dague,5,precieux,Précieux,#ffd36a,"rgba(255, 211, 106, 0.52)","rgba(255, 211, 106, 0.15)",,svg/Dague/Dague_R05_precieux.svg,png_512/Dague/Dague_R05_precieux.png
Dague,6,epique,Épique,#ff7ee7,"rgba(255, 126, 231, 0.52)","rgba(255, 126, 231, 0.15)",,svg/Dague/Dague_R06_epique.svg,png_512/Dague/Dague_R06_epique.png
Dague,7,legendaire,Légendaire,#ff9f43,"rgba(255, 159, 67, 0.56)","rgba(255, 159, 67, 0.16)",,svg/Dague/Dague_R07_legendaire.svg,png_512/Dague/Dague_R07_legendaire.png
Dague,8,mythique,Mythique,#ff5f6d,"rgba(255, 95, 109, 0.58)","rgba(255, 95, 109, 0.16)",,svg/Dague/Dague_R08_mythique.svg,png_512/Dague/Dague_R08_mythique.png
Dague,9,artefact,Artefact,#ff009d,"rgba(255, 255, 255, 0.62)","linear-gradient(135deg, rgba(255, 255, 255, 0.18), rgba(241, 197, 106, 0.12))","0 0 18px rgba(255, 255, 255, 0.12)",svg/Dague/Dague_R09_artefact.svg,png_512/Dague/Dague_R09_artefact.png
Dague,10,objet-divin,Objet divin,#ffd900,"rgba(255, 243, 176, 0.75)","linear-gradient(135deg, rgba(255, 243, 176, 0.25), rgba(255, 126, 231, 0.14))","0 0 18px rgba(255, 243, 176, 0.22), 0 0 36px rgba(255, 126, 231, 0.10)",svg/Dague/Dague_R10_objet-divin.svg,png_512/Dague/Dague_R10_objet-divin.png
emerald-necklace,0,commun,Commun,#000000,"rgba(216, 216, 216, 0.38)","rgba(216, 216, 216, 0.10)",,svg/emerald-necklace/emerald-necklace_R00_commun.svg,png_512/emerald-necklace/emerald-necklace_R00_commun.png
emerald-necklace,1,peu-commun,Peu commun,#9dffb0,"rgba(157, 255, 176, 0.42)","rgba(157, 255, 176, 0.12)",,svg/emerald-necklace/emerald-necklace_R01_peu-commun.svg,png_512/emerald-necklace/emerald-necklace_R01_peu-commun.png
emerald-necklace,2,inhabituel,Inhabituel,#7ee1ff,"rgba(126, 231, 255, 0.42)","rgba(126, 231, 255, 0.12)",,svg/emerald-necklace/emerald-necklace_R02_inhabituel.svg,png_512/emerald-necklace/emerald-necklace_R02_inhabituel.png
emerald-necklace,3,rare,Rare,#6aa8ff,"rgba(106, 168, 255, 0.48)","rgba(106, 168, 255, 0.13)",,svg/emerald-necklace/emerald-necklace_R03_rare.svg,png_512/emerald-necklace/emerald-necklace_R03_rare.png
emerald-necklace,4,exceptionnel,Exceptionnel,#b48cff,"rgba(180, 140, 255, 0.50)","rgba(180, 140, 255, 0.14)",,svg/emerald-necklace/emerald-necklace_R04_exceptionnel.svg,png_512/emerald-necklace/emerald-necklace_R04_exceptionnel.png
emerald-necklace,5,precieux,Précieux,#ffd36a,"rgba(255, 211, 106, 0.52)","rgba(255, 211, 106, 0.15)",,svg/emerald-necklace/emerald-necklace_R05_precieux.svg,png_512/emerald-necklace/emerald-necklace_R05_precieux.png
emerald-necklace,6,epique,Épique,#ff7ee7,"rgba(255, 126, 231, 0.52)","rgba(255, 126, 231, 0.15)",,svg/emerald-necklace/emerald-necklace_R06_epique.svg,png_512/emerald-necklace/emerald-necklace_R06_epique.png
emerald-necklace,7,legendaire,Légendaire,#ff9f43,"rgba(255, 159, 67, 0.56)","rgba(255, 159, 67, 0.16)",,svg/emerald-necklace/emerald-necklace_R07_legendaire.svg,png_512/emerald-necklace/emerald-necklace_R07_legendaire.png
emerald-necklace,8,mythique,Mythique,#ff5f6d,"rgba(255, 95, 109, 0.58)","rgba(255, 95, 109, 0.16)",,svg/emerald-necklace/emerald-necklace_R08_mythique.svg,png_512/emerald-necklace/emerald-necklace_R08_mythique.png
emerald-necklace,9,artefact,Artefact,#ff009d,"rgba(255, 255, 255, 0.62)","linear-gradient(135deg, rgba(255, 255, 255, 0.18), rgba(241, 197, 106, 0.12))","0 0 18px rgba(255, 255, 255, 0.12)",svg/emerald-necklace/emerald-necklace_R09_artefact.svg,png_512/emerald-necklace/emerald-necklace_R09_artefact.png
emerald-necklace,10,objet-divin,Objet divin,#ffd900,"rgba(255, 243, 176, 0.75)","linear-gradient(135deg, rgba(255, 243, 176, 0.25), rgba(255, 126, 231, 0.14))","0 0 18px rgba(255, 243, 176, 0.22), 0 0 36px rgba(255, 126, 231, 0.10)",svg/emerald-necklace/emerald-necklace_R10_objet-divin.svg,png_512/emerald-necklace/emerald-necklace_R10_objet-divin.png
Epee_Batarde,0,commun,Commun,#000000,"rgba(216, 216, 216, 0.38)","rgba(216, 216, 216, 0.10)",,svg/Epee_Batarde/Epee_Batarde_R00_commun.svg,png_512/Epee_Batarde/Epee_Batarde_R00_commun.png
Epee_Batarde,1,peu-commun,Peu commun,#9dffb0,"rgba(157, 255, 176, 0.42)","rgba(157, 255, 176, 0.12)",,svg/Epee_Batarde/Epee_Batarde_R01_peu-commun.svg,png_512/Epee_Batarde/Epee_Batarde_R01_peu-commun.png
Epee_Batarde,2,inhabituel,Inhabituel,#7ee1ff,"rgba(126, 231, 255, 0.42)","rgba(126, 231, 255, 0.12)",,svg/Epee_Batarde/Epee_Batarde_R02_inhabituel.svg,png_512/Epee_Batarde/Epee_Batarde_R02_inhabituel.png
Epee_Batarde,3,rare,Rare,#6aa8ff,"rgba(106, 168, 255, 0.48)","rgba(106, 168, 255, 0.13)",,svg/Epee_Batarde/Epee_Batarde_R03_rare.svg,png_512/Epee_Batarde/Epee_Batarde_R03_rare.png
Epee_Batarde,4,exceptionnel,Exceptionnel,#b48cff,"rgba(180, 140, 255, 0.50)","rgba(180, 140, 255, 0.14)",,svg/Epee_Batarde/Epee_Batarde_R04_exceptionnel.svg,png_512/Epee_Batarde/Epee_Batarde_R04_exceptionnel.png
Epee_Batarde,5,precieux,Précieux,#ffd36a,"rgba(255, 211, 106, 0.52)","rgba(255, 211, 106, 0.15)",,svg/Epee_Batarde/Epee_Batarde_R05_precieux.svg,png_512/Epee_Batarde/Epee_Batarde_R05_precieux.png
Epee_Batarde,6,epique,Épique,#ff7ee7,"rgba(255, 126, 231, 0.52)","rgba(255, 126, 231, 0.15)",,svg/Epee_Batarde/Epee_Batarde_R06_epique.svg,png_512/Epee_Batarde/Epee_Batarde_R06_epique.png
Epee_Batarde,7,legendaire,Légendaire,#ff9f43,"rgba(255, 159, 67, 0.56)","rgba(255, 159, 67, 0.16)",,svg/Epee_Batarde/Epee_Batarde_R07_legendaire.svg,png_512/Epee_Batarde/Epee_Batarde_R07_legendaire.png
Epee_Batarde,8,mythique,Mythique,#ff5f6d,"rgba(255, 95, 109, 0.58)","rgba(255, 95, 109, 0.16)",,svg/Epee_Batarde/Epee_Batarde_R08_mythique.svg,png_512/Epee_Batarde/Epee_Batarde_R08_mythique.png
Epee_Batarde,9,artefact,Artefact,#ff009d,"rgba(255, 255, 255, 0.62)","linear-gradient(135deg, rgba(255, 255, 255, 0.18), rgba(241, 197, 106, 0.12))","0 0 18px rgba(255, 255, 255, 0.12)",svg/Epee_Batarde/Epee_Batarde_R09_artefact.svg,png_512/Epee_Batarde/Epee_Batarde_R09_artefact.png
Epee_Batarde,10,objet-divin,Objet divin,#ffd900,"rgba(255, 243, 176, 0.75)","linear-gradient(135deg, rgba(255, 243, 176, 0.25), rgba(255, 126, 231, 0.14))","0 0 18px rgba(255, 243, 176, 0.22), 0 0 36px rgba(255, 126, 231, 0.10)",svg/Epee_Batarde/Epee_Batarde_R10_objet-divin.svg,png_512/Epee_Batarde/Epee_Batarde_R10_objet-divin.png
Epee_longue,0,commun,Commun,#000000,"rgba(216, 216, 216, 0.38)","rgba(216, 216, 216, 0.10)",,svg/Epee_longue/Epee_longue_R00_commun.svg,png_512/Epee_longue/Epee_longue_R00_commun.png
Epee_longue,1,peu-commun,Peu commun,#9dffb0,"rgba(157, 255, 176, 0.42)","rgba(157, 255, 176, 0.12)",,svg/Epee_longue/Epee_longue_R01_peu-commun.svg,png_512/Epee_longue/Epee_longue_R01_peu-commun.png
Epee_longue,2,inhabituel,Inhabituel,#7ee1ff,"rgba(126, 231, 255, 0.42)","rgba(126, 231, 255, 0.12)",,svg/Epee_longue/Epee_longue_R02_inhabituel.svg,png_512/Epee_longue/Epee_longue_R02_inhabituel.png
Epee_longue,3,rare,Rare,#6aa8ff,"rgba(106, 168, 255, 0.48)","rgba(106, 168, 255, 0.13)",,svg/Epee_longue/Epee_longue_R03_rare.svg,png_512/Epee_longue/Epee_longue_R03_rare.png
Epee_longue,4,exceptionnel,Exceptionnel,#b48cff,"rgba(180, 140, 255, 0.50)","rgba(180, 140, 255, 0.14)",,svg/Epee_longue/Epee_longue_R04_exceptionnel.svg,png_512/Epee_longue/Epee_longue_R04_exceptionnel.png
Epee_longue,5,precieux,Précieux,#ffd36a,"rgba(255, 211, 106, 0.52)","rgba(255, 211, 106, 0.15)",,svg/Epee_longue/Epee_longue_R05_precieux.svg,png_512/Epee_longue/Epee_longue_R05_precieux.png
Epee_longue,6,epique,Épique,#ff7ee7,"rgba(255, 126, 231, 0.52)","rgba(255, 126, 231, 0.15)",,svg/Epee_longue/Epee_longue_R06_epique.svg,png_512/Epee_longue/Epee_longue_R06_epique.png
Epee_longue,7,legendaire,Légendaire,#ff9f43,"rgba(255, 159, 67, 0.56)","rgba(255, 159, 67, 0.16)",,svg/Epee_longue/Epee_longue_R07_legendaire.svg,png_512/Epee_longue/Epee_longue_R07_legendaire.png
Epee_longue,8,mythique,Mythique,#ff5f6d,"rgba(255, 95, 109, 0.58)","rgba(255, 95, 109, 0.16)",,svg/Epee_longue/Epee_longue_R08_mythique.svg,png_512/Epee_longue/Epee_longue_R08_mythique.png
Epee_longue,9,artefact,Artefact,#ff009d,"rgba(255, 255, 255, 0.62)","linear-gradient(135deg, rgba(255, 255, 255, 0.18), rgba(241, 197, 106, 0.12))","0 0 18px rgba(255, 255, 255, 0.12)",svg/Epee_longue/Epee_longue_R09_artefact.svg,png_512/Epee_longue/Epee_longue_R09_artefact.png
Epee_longue,10,objet-divin,Objet divin,#ffd900,"rgba(255, 243, 176, 0.75)","linear-gradient(135deg, rgba(255, 243, 176, 0.25), rgba(255, 126, 231, 0.14))","0 0 18px rgba(255, 243, 176, 0.22), 0 0 36px rgba(255, 126, 231, 0.10)",svg/Epee_longue/Epee_longue_R10_objet-divin.svg,png_512/Epee_longue/Epee_longue_R10_objet-divin.png
Epee___2_main,0,commun,Commun,#000000,"rgba(216, 216, 216, 0.38)","rgba(216, 216, 216, 0.10)",,svg/Epee___2_main/Epee___2_main_R00_commun.svg,png_512/Epee___2_main/Epee___2_main_R00_commun.png
Epee___2_main,1,peu-commun,Peu commun,#9dffb0,"rgba(157, 255, 176, 0.42)","rgba(157, 255, 176, 0.12)",,svg/Epee___2_main/Epee___2_main_R01_peu-commun.svg,png_512/Epee___2_main/Epee___2_main_R01_peu-commun.png
Epee___2_main,2,inhabituel,Inhabituel,#7ee1ff,"rgba(126, 231, 255, 0.42)","rgba(126, 231, 255, 0.12)",,svg/Epee___2_main/Epee___2_main_R02_inhabituel.svg,png_512/Epee___2_main/Epee___2_main_R02_inhabituel.png
Epee___2_main,3,rare,Rare,#6aa8ff,"rgba(106, 168, 255, 0.48)","rgba(106, 168, 255, 0.13)",,svg/Epee___2_main/Epee___2_main_R03_rare.svg,png_512/Epee___2_main/Epee___2_main_R03_rare.png
Epee___2_main,4,exceptionnel,Exceptionnel,#b48cff,"rgba(180, 140, 255, 0.50)","rgba(180, 140, 255, 0.14)",,svg/Epee___2_main/Epee___2_main_R04_exceptionnel.svg,png_512/Epee___2_main/Epee___2_main_R04_exceptionnel.png
Epee___2_main,5,precieux,Précieux,#ffd36a,"rgba(255, 211, 106, 0.52)","rgba(255, 211, 106, 0.15)",,svg/Epee___2_main/Epee___2_main_R05_precieux.svg,png_512/Epee___2_main/Epee___2_main_R05_precieux.png
Epee___2_main,6,epique,Épique,#ff7ee7,"rgba(255, 126, 231, 0.52)","rgba(255, 126, 231, 0.15)",,svg/Epee___2_main/Epee___2_main_R06_epique.svg,png_512/Epee___2_main/Epee___2_main_R06_epique.png
Epee___2_main,7,legendaire,Légendaire,#ff9f43,"rgba(255, 159, 67, 0.56)","rgba(255, 159, 67, 0.16)",,svg/Epee___2_main/Epee___2_main_R07_legendaire.svg,png_512/Epee___2_main/Epee___2_main_R07_legendaire.png
Epee___2_main,8,mythique,Mythique,#ff5f6d,"rgba(255, 95, 109, 0.58)","rgba(255, 95, 109, 0.16)",,svg/Epee___2_main/Epee___2_main_R08_mythique.svg,png_512/Epee___2_main/Epee___2_main_R08_mythique.png
Epee___2_main,9,artefact,Artefact,#ff009d,"rgba(255, 255, 255, 0.62)","linear-gradient(135deg, rgba(255, 255, 255, 0.18), rgba(241, 197, 106, 0.12))","0 0 18px rgba(255, 255, 255, 0.12)",svg/Epee___2_main/Epee___2_main_R09_artefact.svg,png_512/Epee___2_main/Epee___2_main_R09_artefact.png
Epee___2_main,10,objet-divin,Objet divin,#ffd900,"rgba(255, 243, 176, 0.75)","linear-gradient(135deg, rgba(255, 243, 176, 0.25), rgba(255, 126, 231, 0.14))","0 0 18px rgba(255, 243, 176, 0.22), 0 0 36px rgba(255, 126, 231, 0.10)",svg/Epee___2_main/Epee___2_main_R10_objet-divin.svg,png_512/Epee___2_main/Epee___2_main_R10_objet-divin.png
Epee,0,commun,Commun,#000000,"rgba(216, 216, 216, 0.38)","rgba(216, 216, 216, 0.10)",,svg/Epee/Epee_R00_commun.svg,png_512/Epee/Epee_R00_commun.png
Epee,1,peu-commun,Peu commun,#9dffb0,"rgba(157, 255, 176, 0.42)","rgba(157, 255, 176, 0.12)",,svg/Epee/Epee_R01_peu-commun.svg,png_512/Epee/Epee_R01_peu-commun.png
Epee,2,inhabituel,Inhabituel,#7ee1ff,"rgba(126, 231, 255, 0.42)","rgba(126, 231, 255, 0.12)",,svg/Epee/Epee_R02_inhabituel.svg,png_512/Epee/Epee_R02_inhabituel.png
Epee,3,rare,Rare,#6aa8ff,"rgba(106, 168, 255, 0.48)","rgba(106, 168, 255, 0.13)",,svg/Epee/Epee_R03_rare.svg,png_512/Epee/Epee_R03_rare.png
Epee,4,exceptionnel,Exceptionnel,#b48cff,"rgba(180, 140, 255, 0.50)","rgba(180, 140, 255, 0.14)",,svg/Epee/Epee_R04_exceptionnel.svg,png_512/Epee/Epee_R04_exceptionnel.png
Epee,5,precieux,Précieux,#ffd36a,"rgba(255, 211, 106, 0.52)","rgba(255, 211, 106, 0.15)",,svg/Epee/Epee_R05_precieux.svg,png_512/Epee/Epee_R05_precieux.png
Epee,6,epique,Épique,#ff7ee7,"rgba(255, 126, 231, 0.52)","rgba(255, 126, 231, 0.15)",,svg/Epee/Epee_R06_epique.svg,png_512/Epee/Epee_R06_epique.png
Epee,7,legendaire,Légendaire,#ff9f43,"rgba(255, 159, 67, 0.56)","rgba(255, 159, 67, 0.16)",,svg/Epee/Epee_R07_legendaire.svg,png_512/Epee/Epee_R07_legendaire.png
Epee,8,mythique,Mythique,#ff5f6d,"rgba(255, 95, 109, 0.58)","rgba(255, 95, 109, 0.16)",,svg/Epee/Epee_R08_mythique.svg,png_512/Epee/Epee_R08_mythique.png
Epee,9,artefact,Artefact,#ff009d,"rgba(255, 255, 255, 0.62)","linear-gradient(135deg, rgba(255, 255, 255, 0.18), rgba(241, 197, 106, 0.12))","0 0 18px rgba(255, 255, 255, 0.12)",svg/Epee/Epee_R09_artefact.svg,png_512/Epee/Epee_R09_artefact.png
Epee,10,objet-divin,Objet divin,#ffd900,"rgba(255, 243, 176, 0.75)","linear-gradient(135deg, rgba(255, 243, 176, 0.25), rgba(255, 126, 231, 0.14))","0 0 18px rgba(255, 243, 176, 0.22), 0 0 36px rgba(255, 126, 231, 0.10)",svg/Epee/Epee_R10_objet-divin.svg,png_512/Epee/Epee_R10_objet-divin.png
fire-bottle,0,commun,Commun,#000000,"rgba(216, 216, 216, 0.38)","rgba(216, 216, 216, 0.10)",,svg/fire-bottle/fire-bottle_R00_commun.svg,png_512/fire-bottle/fire-bottle_R00_commun.png
fire-bottle,1,peu-commun,Peu commun,#9dffb0,"rgba(157, 255, 176, 0.42)","rgba(157, 255, 176, 0.12)",,svg/fire-bottle/fire-bottle_R01_peu-commun.svg,png_512/fire-bottle/fire-bottle_R01_peu-commun.png
fire-bottle,2,inhabituel,Inhabituel,#7ee1ff,"rgba(126, 231, 255, 0.42)","rgba(126, 231, 255, 0.12)",,svg/fire-bottle/fire-bottle_R02_inhabituel.svg,png_512/fire-bottle/fire-bottle_R02_inhabituel.png
fire-bottle,3,rare,Rare,#6aa8ff,"rgba(106, 168, 255, 0.48)","rgba(106, 168, 255, 0.13)",,svg/fire-bottle/fire-bottle_R03_rare.svg,png_512/fire-bottle/fire-bottle_R03_rare.png
fire-bottle,4,exceptionnel,Exceptionnel,#b48cff,"rgba(180, 140, 255, 0.50)","rgba(180, 140, 255, 0.14)",,svg/fire-bottle/fire-bottle_R04_exceptionnel.svg,png_512/fire-bottle/fire-bottle_R04_exceptionnel.png
fire-bottle,5,precieux,Précieux,#ffd36a,"rgba(255, 211, 106, 0.52)","rgba(255, 211, 106, 0.15)",,svg/fire-bottle/fire-bottle_R05_precieux.svg,png_512/fire-bottle/fire-bottle_R05_precieux.png
fire-bottle,6,epique,Épique,#ff7ee7,"rgba(255, 126, 231, 0.52)","rgba(255, 126, 231, 0.15)",,svg/fire-bottle/fire-bottle_R06_epique.svg,png_512/fire-bottle/fire-bottle_R06_epique.png
fire-bottle,7,legendaire,Légendaire,#ff9f43,"rgba(255, 159, 67, 0.56)","rgba(255, 159, 67, 0.16)",,svg/fire-bottle/fire-bottle_R07_legendaire.svg,png_512/fire-bottle/fire-bottle_R07_legendaire.png
fire-bottle,8,mythique,Mythique,#ff5f6d,"rgba(255, 95, 109, 0.58)","rgba(255, 95, 109, 0.16)",,svg/fire-bottle/fire-bottle_R08_mythique.svg,png_512/fire-bottle/fire-bottle_R08_mythique.png
fire-bottle,9,artefact,Artefact,#ff009d,"rgba(255, 255, 255, 0.62)","linear-gradient(135deg, rgba(255, 255, 255, 0.18), rgba(241, 197, 106, 0.12))","0 0 18px rgba(255, 255, 255, 0.12)",svg/fire-bottle/fire-bottle_R09_artefact.svg,png_512/fire-bottle/fire-bottle_R09_artefact.png
fire-bottle,10,objet-divin,Objet divin,#ffd900,"rgba(255, 243, 176, 0.75)","linear-gradient(135deg, rgba(255, 243, 176, 0.25), rgba(255, 126, 231, 0.14))","0 0 18px rgba(255, 243, 176, 0.22), 0 0 36px rgba(255, 126, 231, 0.10)",svg/fire-bottle/fire-bottle_R10_objet-divin.svg,png_512/fire-bottle/fire-bottle_R10_objet-divin.png
gloves,0,commun,Commun,#000000,"rgba(216, 216, 216, 0.38)","rgba(216, 216, 216, 0.10)",,svg/gloves/gloves_R00_commun.svg,png_512/gloves/gloves_R00_commun.png
gloves,1,peu-commun,Peu commun,#9dffb0,"rgba(157, 255, 176, 0.42)","rgba(157, 255, 176, 0.12)",,svg/gloves/gloves_R01_peu-commun.svg,png_512/gloves/gloves_R01_peu-commun.png
gloves,2,inhabituel,Inhabituel,#7ee1ff,"rgba(126, 231, 255, 0.42)","rgba(126, 231, 255, 0.12)",,svg/gloves/gloves_R02_inhabituel.svg,png_512/gloves/gloves_R02_inhabituel.png
gloves,3,rare,Rare,#6aa8ff,"rgba(106, 168, 255, 0.48)","rgba(106, 168, 255, 0.13)",,svg/gloves/gloves_R03_rare.svg,png_512/gloves/gloves_R03_rare.png
gloves,4,exceptionnel,Exceptionnel,#b48cff,"rgba(180, 140, 255, 0.50)","rgba(180, 140, 255, 0.14)",,svg/gloves/gloves_R04_exceptionnel.svg,png_512/gloves/gloves_R04_exceptionnel.png
gloves,5,precieux,Précieux,#ffd36a,"rgba(255, 211, 106, 0.52)","rgba(255, 211, 106, 0.15)",,svg/gloves/gloves_R05_precieux.svg,png_512/gloves/gloves_R05_precieux.png
gloves,6,epique,Épique,#ff7ee7,"rgba(255, 126, 231, 0.52)","rgba(255, 126, 231, 0.15)",,svg/gloves/gloves_R06_epique.svg,png_512/gloves/gloves_R06_epique.png
gloves,7,legendaire,Légendaire,#ff9f43,"rgba(255, 159, 67, 0.56)","rgba(255, 159, 67, 0.16)",,svg/gloves/gloves_R07_legendaire.svg,png_512/gloves/gloves_R07_legendaire.png
gloves,8,mythique,Mythique,#ff5f6d,"rgba(255, 95, 109, 0.58)","rgba(255, 95, 109, 0.16)",,svg/gloves/gloves_R08_mythique.svg,png_512/gloves/gloves_R08_mythique.png
gloves,9,artefact,Artefact,#ff009d,"rgba(255, 255, 255, 0.62)","linear-gradient(135deg, rgba(255, 255, 255, 0.18), rgba(241, 197, 106, 0.12))","0 0 18px rgba(255, 255, 255, 0.12)",svg/gloves/gloves_R09_artefact.svg,png_512/gloves/gloves_R09_artefact.png
gloves,10,objet-divin,Objet divin,#ffd900,"rgba(255, 243, 176, 0.75)","linear-gradient(135deg, rgba(255, 243, 176, 0.25), rgba(255, 126, 231, 0.14))","0 0 18px rgba(255, 243, 176, 0.22), 0 0 36px rgba(255, 126, 231, 0.10)",svg/gloves/gloves_R10_objet-divin.svg,png_512/gloves/gloves_R10_objet-divin.png
Grand_Bouclier,0,commun,Commun,#000000,"rgba(216, 216, 216, 0.38)","rgba(216, 216, 216, 0.10)",,svg/Grand_Bouclier/Grand_Bouclier_R00_commun.svg,png_512/Grand_Bouclier/Grand_Bouclier_R00_commun.png
Grand_Bouclier,1,peu-commun,Peu commun,#9dffb0,"rgba(157, 255, 176, 0.42)","rgba(157, 255, 176, 0.12)",,svg/Grand_Bouclier/Grand_Bouclier_R01_peu-commun.svg,png_512/Grand_Bouclier/Grand_Bouclier_R01_peu-commun.png
Grand_Bouclier,2,inhabituel,Inhabituel,#7ee1ff,"rgba(126, 231, 255, 0.42)","rgba(126, 231, 255, 0.12)",,svg/Grand_Bouclier/Grand_Bouclier_R02_inhabituel.svg,png_512/Grand_Bouclier/Grand_Bouclier_R02_inhabituel.png
Grand_Bouclier,3,rare,Rare,#6aa8ff,"rgba(106, 168, 255, 0.48)","rgba(106, 168, 255, 0.13)",,svg/Grand_Bouclier/Grand_Bouclier_R03_rare.svg,png_512/Grand_Bouclier/Grand_Bouclier_R03_rare.png
Grand_Bouclier,4,exceptionnel,Exceptionnel,#b48cff,"rgba(180, 140, 255, 0.50)","rgba(180, 140, 255, 0.14)",,svg/Grand_Bouclier/Grand_Bouclier_R04_exceptionnel.svg,png_512/Grand_Bouclier/Grand_Bouclier_R04_exceptionnel.png
Grand_Bouclier,5,precieux,Précieux,#ffd36a,"rgba(255, 211, 106, 0.52)","rgba(255, 211, 106, 0.15)",,svg/Grand_Bouclier/Grand_Bouclier_R05_precieux.svg,png_512/Grand_Bouclier/Grand_Bouclier_R05_precieux.png
Grand_Bouclier,6,epique,Épique,#ff7ee7,"rgba(255, 126, 231, 0.52)","rgba(255, 126, 231, 0.15)",,svg/Grand_Bouclier/Grand_Bouclier_R06_epique.svg,png_512/Grand_Bouclier/Grand_Bouclier_R06_epique.png
Grand_Bouclier,7,legendaire,Légendaire,#ff9f43,"rgba(255, 159, 67, 0.56)","rgba(255, 159, 67, 0.16)",,svg/Grand_Bouclier/Grand_Bouclier_R07_legendaire.svg,png_512/Grand_Bouclier/Grand_Bouclier_R07_legendaire.png
Grand_Bouclier,8,mythique,Mythique,#ff5f6d,"rgba(255, 95, 109, 0.58)","rgba(255, 95, 109, 0.16)",,svg/Grand_Bouclier/Grand_Bouclier_R08_mythique.svg,png_512/Grand_Bouclier/Grand_Bouclier_R08_mythique.png
Grand_Bouclier,9,artefact,Artefact,#ff009d,"rgba(255, 255, 255, 0.62)","linear-gradient(135deg, rgba(255, 255, 255, 0.18), rgba(241, 197, 106, 0.12))","0 0 18px rgba(255, 255, 255, 0.12)",svg/Grand_Bouclier/Grand_Bouclier_R09_artefact.svg,png_512/Grand_Bouclier/Grand_Bouclier_R09_artefact.png
Grand_Bouclier,10,objet-divin,Objet divin,#ffd900,"rgba(255, 243, 176, 0.75)","linear-gradient(135deg, rgba(255, 243, 176, 0.25), rgba(255, 126, 231, 0.14))","0 0 18px rgba(255, 243, 176, 0.22), 0 0 36px rgba(255, 126, 231, 0.10)",svg/Grand_Bouclier/Grand_Bouclier_R10_objet-divin.svg,png_512/Grand_Bouclier/Grand_Bouclier_R10_objet-divin.png
Hache___2_main,0,commun,Commun,#000000,"rgba(216, 216, 216, 0.38)","rgba(216, 216, 216, 0.10)",,svg/Hache___2_main/Hache___2_main_R00_commun.svg,png_512/Hache___2_main/Hache___2_main_R00_commun.png
Hache___2_main,1,peu-commun,Peu commun,#9dffb0,"rgba(157, 255, 176, 0.42)","rgba(157, 255, 176, 0.12)",,svg/Hache___2_main/Hache___2_main_R01_peu-commun.svg,png_512/Hache___2_main/Hache___2_main_R01_peu-commun.png
Hache___2_main,2,inhabituel,Inhabituel,#7ee1ff,"rgba(126, 231, 255, 0.42)","rgba(126, 231, 255, 0.12)",,svg/Hache___2_main/Hache___2_main_R02_inhabituel.svg,png_512/Hache___2_main/Hache___2_main_R02_inhabituel.png
Hache___2_main,3,rare,Rare,#6aa8ff,"rgba(106, 168, 255, 0.48)","rgba(106, 168, 255, 0.13)",,svg/Hache___2_main/Hache___2_main_R03_rare.svg,png_512/Hache___2_main/Hache___2_main_R03_rare.png
Hache___2_main,4,exceptionnel,Exceptionnel,#b48cff,"rgba(180, 140, 255, 0.50)","rgba(180, 140, 255, 0.14)",,svg/Hache___2_main/Hache___2_main_R04_exceptionnel.svg,png_512/Hache___2_main/Hache___2_main_R04_exceptionnel.png
Hache___2_main,5,precieux,Précieux,#ffd36a,"rgba(255, 211, 106, 0.52)","rgba(255, 211, 106, 0.15)",,svg/Hache___2_main/Hache___2_main_R05_precieux.svg,png_512/Hache___2_main/Hache___2_main_R05_precieux.png
Hache___2_main,6,epique,Épique,#ff7ee7,"rgba(255, 126, 231, 0.52)","rgba(255, 126, 231, 0.15)",,svg/Hache___2_main/Hache___2_main_R06_epique.svg,png_512/Hache___2_main/Hache___2_main_R06_epique.png
Hache___2_main,7,legendaire,Légendaire,#ff9f43,"rgba(255, 159, 67, 0.56)","rgba(255, 159, 67, 0.16)",,svg/Hache___2_main/Hache___2_main_R07_legendaire.svg,png_512/Hache___2_main/Hache___2_main_R07_legendaire.png
Hache___2_main,8,mythique,Mythique,#ff5f6d,"rgba(255, 95, 109, 0.58)","rgba(255, 95, 109, 0.16)",,svg/Hache___2_main/Hache___2_main_R08_mythique.svg,png_512/Hache___2_main/Hache___2_main_R08_mythique.png
Hache___2_main,9,artefact,Artefact,#ff009d,"rgba(255, 255, 255, 0.62)","linear-gradient(135deg, rgba(255, 255, 255, 0.18), rgba(241, 197, 106, 0.12))","0 0 18px rgba(255, 255, 255, 0.12)",svg/Hache___2_main/Hache___2_main_R09_artefact.svg,png_512/Hache___2_main/Hache___2_main_R09_artefact.png
Hache___2_main,10,objet-divin,Objet divin,#ffd900,"rgba(255, 243, 176, 0.75)","linear-gradient(135deg, rgba(255, 243, 176, 0.25), rgba(255, 126, 231, 0.14))","0 0 18px rgba(255, 243, 176, 0.22), 0 0 36px rgba(255, 126, 231, 0.10)",svg/Hache___2_main/Hache___2_main_R10_objet-divin.svg,png_512/Hache___2_main/Hache___2_main_R10_objet-divin.png
Hache,0,commun,Commun,#000000,"rgba(216, 216, 216, 0.38)","rgba(216, 216, 216, 0.10)",,svg/Hache/Hache_R00_commun.svg,png_512/Hache/Hache_R00_commun.png
Hache,1,peu-commun,Peu commun,#9dffb0,"rgba(157, 255, 176, 0.42)","rgba(157, 255, 176, 0.12)",,svg/Hache/Hache_R01_peu-commun.svg,png_512/Hache/Hache_R01_peu-commun.png
Hache,2,inhabituel,Inhabituel,#7ee1ff,"rgba(126, 231, 255, 0.42)","rgba(126, 231, 255, 0.12)",,svg/Hache/Hache_R02_inhabituel.svg,png_512/Hache/Hache_R02_inhabituel.png
Hache,3,rare,Rare,#6aa8ff,"rgba(106, 168, 255, 0.48)","rgba(106, 168, 255, 0.13)",,svg/Hache/Hache_R03_rare.svg,png_512/Hache/Hache_R03_rare.png
Hache,4,exceptionnel,Exceptionnel,#b48cff,"rgba(180, 140, 255, 0.50)","rgba(180, 140, 255, 0.14)",,svg/Hache/Hache_R04_exceptionnel.svg,png_512/Hache/Hache_R04_exceptionnel.png
Hache,5,precieux,Précieux,#ffd36a,"rgba(255, 211, 106, 0.52)","rgba(255, 211, 106, 0.15)",,svg/Hache/Hache_R05_precieux.svg,png_512/Hache/Hache_R05_precieux.png
Hache,6,epique,Épique,#ff7ee7,"rgba(255, 126, 231, 0.52)","rgba(255, 126, 231, 0.15)",,svg/Hache/Hache_R06_epique.svg,png_512/Hache/Hache_R06_epique.png
Hache,7,legendaire,Légendaire,#ff9f43,"rgba(255, 159, 67, 0.56)","rgba(255, 159, 67, 0.16)",,svg/Hache/Hache_R07_legendaire.svg,png_512/Hache/Hache_R07_legendaire.png
Hache,8,mythique,Mythique,#ff5f6d,"rgba(255, 95, 109, 0.58)","rgba(255, 95, 109, 0.16)",,svg/Hache/Hache_R08_mythique.svg,png_512/Hache/Hache_R08_mythique.png
Hache,9,artefact,Artefact,#ff009d,"rgba(255, 255, 255, 0.62)","linear-gradient(135deg, rgba(255, 255, 255, 0.18), rgba(241, 197, 106, 0.12))","0 0 18px rgba(255, 255, 255, 0.12)",svg/Hache/Hache_R09_artefact.svg,png_512/Hache/Hache_R09_artefact.png
Hache,10,objet-divin,Objet divin,#ffd900,"rgba(255, 243, 176, 0.75)","linear-gradient(135deg, rgba(255, 243, 176, 0.25), rgba(255, 126, 231, 0.14))","0 0 18px rgba(255, 243, 176, 0.22), 0 0 36px rgba(255, 126, 231, 0.10)",svg/Hache/Hache_R10_objet-divin.svg,png_512/Hache/Hache_R10_objet-divin.png
heavy-bullets,0,commun,Commun,#000000,"rgba(216, 216, 216, 0.38)","rgba(216, 216, 216, 0.10)",,svg/heavy-bullets/heavy-bullets_R00_commun.svg,png_512/heavy-bullets/heavy-bullets_R00_commun.png
heavy-bullets,1,peu-commun,Peu commun,#9dffb0,"rgba(157, 255, 176, 0.42)","rgba(157, 255, 176, 0.12)",,svg/heavy-bullets/heavy-bullets_R01_peu-commun.svg,png_512/heavy-bullets/heavy-bullets_R01_peu-commun.png
heavy-bullets,2,inhabituel,Inhabituel,#7ee1ff,"rgba(126, 231, 255, 0.42)","rgba(126, 231, 255, 0.12)",,svg/heavy-bullets/heavy-bullets_R02_inhabituel.svg,png_512/heavy-bullets/heavy-bullets_R02_inhabituel.png
heavy-bullets,3,rare,Rare,#6aa8ff,"rgba(106, 168, 255, 0.48)","rgba(106, 168, 255, 0.13)",,svg/heavy-bullets/heavy-bullets_R03_rare.svg,png_512/heavy-bullets/heavy-bullets_R03_rare.png
heavy-bullets,4,exceptionnel,Exceptionnel,#b48cff,"rgba(180, 140, 255, 0.50)","rgba(180, 140, 255, 0.14)",,svg/heavy-bullets/heavy-bullets_R04_exceptionnel.svg,png_512/heavy-bullets/heavy-bullets_R04_exceptionnel.png
heavy-bullets,5,precieux,Précieux,#ffd36a,"rgba(255, 211, 106, 0.52)","rgba(255, 211, 106, 0.15)",,svg/heavy-bullets/heavy-bullets_R05_precieux.svg,png_512/heavy-bullets/heavy-bullets_R05_precieux.png
heavy-bullets,6,epique,Épique,#ff7ee7,"rgba(255, 126, 231, 0.52)","rgba(255, 126, 231, 0.15)",,svg/heavy-bullets/heavy-bullets_R06_epique.svg,png_512/heavy-bullets/heavy-bullets_R06_epique.png
heavy-bullets,7,legendaire,Légendaire,#ff9f43,"rgba(255, 159, 67, 0.56)","rgba(255, 159, 67, 0.16)",,svg/heavy-bullets/heavy-bullets_R07_legendaire.svg,png_512/heavy-bullets/heavy-bullets_R07_legendaire.png
heavy-bullets,8,mythique,Mythique,#ff5f6d,"rgba(255, 95, 109, 0.58)","rgba(255, 95, 109, 0.16)",,svg/heavy-bullets/heavy-bullets_R08_mythique.svg,png_512/heavy-bullets/heavy-bullets_R08_mythique.png
heavy-bullets,9,artefact,Artefact,#ff009d,"rgba(255, 255, 255, 0.62)","linear-gradient(135deg, rgba(255, 255, 255, 0.18), rgba(241, 197, 106, 0.12))","0 0 18px rgba(255, 255, 255, 0.12)",svg/heavy-bullets/heavy-bullets_R09_artefact.svg,png_512/heavy-bullets/heavy-bullets_R09_artefact.png
heavy-bullets,10,objet-divin,Objet divin,#ffd900,"rgba(255, 243, 176, 0.75)","linear-gradient(135deg, rgba(255, 243, 176, 0.25), rgba(255, 126, 231, 0.14))","0 0 18px rgba(255, 243, 176, 0.22), 0 0 36px rgba(255, 126, 231, 0.10)",svg/heavy-bullets/heavy-bullets_R10_objet-divin.svg,png_512/heavy-bullets/heavy-bullets_R10_objet-divin.png
Javelot,0,commun,Commun,#000000,"rgba(216, 216, 216, 0.38)","rgba(216, 216, 216, 0.10)",,svg/Javelot/Javelot_R00_commun.svg,png_512/Javelot/Javelot_R00_commun.png
Javelot,1,peu-commun,Peu commun,#9dffb0,"rgba(157, 255, 176, 0.42)","rgba(157, 255, 176, 0.12)",,svg/Javelot/Javelot_R01_peu-commun.svg,png_512/Javelot/Javelot_R01_peu-commun.png
Javelot,2,inhabituel,Inhabituel,#7ee1ff,"rgba(126, 231, 255, 0.42)","rgba(126, 231, 255, 0.12)",,svg/Javelot/Javelot_R02_inhabituel.svg,png_512/Javelot/Javelot_R02_inhabituel.png
Javelot,3,rare,Rare,#6aa8ff,"rgba(106, 168, 255, 0.48)","rgba(106, 168, 255, 0.13)",,svg/Javelot/Javelot_R03_rare.svg,png_512/Javelot/Javelot_R03_rare.png
Javelot,4,exceptionnel,Exceptionnel,#b48cff,"rgba(180, 140, 255, 0.50)","rgba(180, 140, 255, 0.14)",,svg/Javelot/Javelot_R04_exceptionnel.svg,png_512/Javelot/Javelot_R04_exceptionnel.png
Javelot,5,precieux,Précieux,#ffd36a,"rgba(255, 211, 106, 0.52)","rgba(255, 211, 106, 0.15)",,svg/Javelot/Javelot_R05_precieux.svg,png_512/Javelot/Javelot_R05_precieux.png
Javelot,6,epique,Épique,#ff7ee7,"rgba(255, 126, 231, 0.52)","rgba(255, 126, 231, 0.15)",,svg/Javelot/Javelot_R06_epique.svg,png_512/Javelot/Javelot_R06_epique.png
Javelot,7,legendaire,Légendaire,#ff9f43,"rgba(255, 159, 67, 0.56)","rgba(255, 159, 67, 0.16)",,svg/Javelot/Javelot_R07_legendaire.svg,png_512/Javelot/Javelot_R07_legendaire.png
Javelot,8,mythique,Mythique,#ff5f6d,"rgba(255, 95, 109, 0.58)","rgba(255, 95, 109, 0.16)",,svg/Javelot/Javelot_R08_mythique.svg,png_512/Javelot/Javelot_R08_mythique.png
Javelot,9,artefact,Artefact,#ff009d,"rgba(255, 255, 255, 0.62)","linear-gradient(135deg, rgba(255, 255, 255, 0.18), rgba(241, 197, 106, 0.12))","0 0 18px rgba(255, 255, 255, 0.12)",svg/Javelot/Javelot_R09_artefact.svg,png_512/Javelot/Javelot_R09_artefact.png
Javelot,10,objet-divin,Objet divin,#ffd900,"rgba(255, 243, 176, 0.75)","linear-gradient(135deg, rgba(255, 243, 176, 0.25), rgba(255, 126, 231, 0.14))","0 0 18px rgba(255, 243, 176, 0.22), 0 0 36px rgba(255, 126, 231, 0.10)",svg/Javelot/Javelot_R10_objet-divin.svg,png_512/Javelot/Javelot_R10_objet-divin.png
Lance,0,commun,Commun,#000000,"rgba(216, 216, 216, 0.38)","rgba(216, 216, 216, 0.10)",,svg/Lance/Lance_R00_commun.svg,png_512/Lance/Lance_R00_commun.png
Lance,1,peu-commun,Peu commun,#9dffb0,"rgba(157, 255, 176, 0.42)","rgba(157, 255, 176, 0.12)",,svg/Lance/Lance_R01_peu-commun.svg,png_512/Lance/Lance_R01_peu-commun.png
Lance,2,inhabituel,Inhabituel,#7ee1ff,"rgba(126, 231, 255, 0.42)","rgba(126, 231, 255, 0.12)",,svg/Lance/Lance_R02_inhabituel.svg,png_512/Lance/Lance_R02_inhabituel.png
Lance,3,rare,Rare,#6aa8ff,"rgba(106, 168, 255, 0.48)","rgba(106, 168, 255, 0.13)",,svg/Lance/Lance_R03_rare.svg,png_512/Lance/Lance_R03_rare.png
Lance,4,exceptionnel,Exceptionnel,#b48cff,"rgba(180, 140, 255, 0.50)","rgba(180, 140, 255, 0.14)",,svg/Lance/Lance_R04_exceptionnel.svg,png_512/Lance/Lance_R04_exceptionnel.png
Lance,5,precieux,Précieux,#ffd36a,"rgba(255, 211, 106, 0.52)","rgba(255, 211, 106, 0.15)",,svg/Lance/Lance_R05_precieux.svg,png_512/Lance/Lance_R05_precieux.png
Lance,6,epique,Épique,#ff7ee7,"rgba(255, 126, 231, 0.52)","rgba(255, 126, 231, 0.15)",,svg/Lance/Lance_R06_epique.svg,png_512/Lance/Lance_R06_epique.png
Lance,7,legendaire,Légendaire,#ff9f43,"rgba(255, 159, 67, 0.56)","rgba(255, 159, 67, 0.16)",,svg/Lance/Lance_R07_legendaire.svg,png_512/Lance/Lance_R07_legendaire.png
Lance,8,mythique,Mythique,#ff5f6d,"rgba(255, 95, 109, 0.58)","rgba(255, 95, 109, 0.16)",,svg/Lance/Lance_R08_mythique.svg,png_512/Lance/Lance_R08_mythique.png
Lance,9,artefact,Artefact,#ff009d,"rgba(255, 255, 255, 0.62)","linear-gradient(135deg, rgba(255, 255, 255, 0.18), rgba(241, 197, 106, 0.12))","0 0 18px rgba(255, 255, 255, 0.12)",svg/Lance/Lance_R09_artefact.svg,png_512/Lance/Lance_R09_artefact.png
Lance,10,objet-divin,Objet divin,#ffd900,"rgba(255, 243, 176, 0.75)","linear-gradient(135deg, rgba(255, 243, 176, 0.25), rgba(255, 126, 231, 0.14))","0 0 18px rgba(255, 243, 176, 0.22), 0 0 36px rgba(255, 126, 231, 0.10)",svg/Lance/Lance_R10_objet-divin.svg,png_512/Lance/Lance_R10_objet-divin.png
Marteau,0,commun,Commun,#000000,"rgba(216, 216, 216, 0.38)","rgba(216, 216, 216, 0.10)",,svg/Marteau/Marteau_R00_commun.svg,png_512/Marteau/Marteau_R00_commun.png
Marteau,1,peu-commun,Peu commun,#9dffb0,"rgba(157, 255, 176, 0.42)","rgba(157, 255, 176, 0.12)",,svg/Marteau/Marteau_R01_peu-commun.svg,png_512/Marteau/Marteau_R01_peu-commun.png
Marteau,2,inhabituel,Inhabituel,#7ee1ff,"rgba(126, 231, 255, 0.42)","rgba(126, 231, 255, 0.12)",,svg/Marteau/Marteau_R02_inhabituel.svg,png_512/Marteau/Marteau_R02_inhabituel.png
Marteau,3,rare,Rare,#6aa8ff,"rgba(106, 168, 255, 0.48)","rgba(106, 168, 255, 0.13)",,svg/Marteau/Marteau_R03_rare.svg,png_512/Marteau/Marteau_R03_rare.png
Marteau,4,exceptionnel,Exceptionnel,#b48cff,"rgba(180, 140, 255, 0.50)","rgba(180, 140, 255, 0.14)",,svg/Marteau/Marteau_R04_exceptionnel.svg,png_512/Marteau/Marteau_R04_exceptionnel.png
Marteau,5,precieux,Précieux,#ffd36a,"rgba(255, 211, 106, 0.52)","rgba(255, 211, 106, 0.15)",,svg/Marteau/Marteau_R05_precieux.svg,png_512/Marteau/Marteau_R05_precieux.png
Marteau,6,epique,Épique,#ff7ee7,"rgba(255, 126, 231, 0.52)","rgba(255, 126, 231, 0.15)",,svg/Marteau/Marteau_R06_epique.svg,png_512/Marteau/Marteau_R06_epique.png
Marteau,7,legendaire,Légendaire,#ff9f43,"rgba(255, 159, 67, 0.56)","rgba(255, 159, 67, 0.16)",,svg/Marteau/Marteau_R07_legendaire.svg,png_512/Marteau/Marteau_R07_legendaire.png
Marteau,8,mythique,Mythique,#ff5f6d,"rgba(255, 95, 109, 0.58)","rgba(255, 95, 109, 0.16)",,svg/Marteau/Marteau_R08_mythique.svg,png_512/Marteau/Marteau_R08_mythique.png
Marteau,9,artefact,Artefact,#ff009d,"rgba(255, 255, 255, 0.62)","linear-gradient(135deg, rgba(255, 255, 255, 0.18), rgba(241, 197, 106, 0.12))","0 0 18px rgba(255, 255, 255, 0.12)",svg/Marteau/Marteau_R09_artefact.svg,png_512/Marteau/Marteau_R09_artefact.png
Marteau,10,objet-divin,Objet divin,#ffd900,"rgba(255, 243, 176, 0.75)","linear-gradient(135deg, rgba(255, 243, 176, 0.25), rgba(255, 126, 231, 0.14))","0 0 18px rgba(255, 243, 176, 0.22), 0 0 36px rgba(255, 126, 231, 0.10)",svg/Marteau/Marteau_R10_objet-divin.svg,png_512/Marteau/Marteau_R10_objet-divin.png
Masse___2_main,0,commun,Commun,#000000,"rgba(216, 216, 216, 0.38)","rgba(216, 216, 216, 0.10)",,svg/Masse___2_main/Masse___2_main_R00_commun.svg,png_512/Masse___2_main/Masse___2_main_R00_commun.png
Masse___2_main,1,peu-commun,Peu commun,#9dffb0,"rgba(157, 255, 176, 0.42)","rgba(157, 255, 176, 0.12)",,svg/Masse___2_main/Masse___2_main_R01_peu-commun.svg,png_512/Masse___2_main/Masse___2_main_R01_peu-commun.png
Masse___2_main,2,inhabituel,Inhabituel,#7ee1ff,"rgba(126, 231, 255, 0.42)","rgba(126, 231, 255, 0.12)",,svg/Masse___2_main/Masse___2_main_R02_inhabituel.svg,png_512/Masse___2_main/Masse___2_main_R02_inhabituel.png
Masse___2_main,3,rare,Rare,#6aa8ff,"rgba(106, 168, 255, 0.48)","rgba(106, 168, 255, 0.13)",,svg/Masse___2_main/Masse___2_main_R03_rare.svg,png_512/Masse___2_main/Masse___2_main_R03_rare.png
Masse___2_main,4,exceptionnel,Exceptionnel,#b48cff,"rgba(180, 140, 255, 0.50)","rgba(180, 140, 255, 0.14)",,svg/Masse___2_main/Masse___2_main_R04_exceptionnel.svg,png_512/Masse___2_main/Masse___2_main_R04_exceptionnel.png
Masse___2_main,5,precieux,Précieux,#ffd36a,"rgba(255, 211, 106, 0.52)","rgba(255, 211, 106, 0.15)",,svg/Masse___2_main/Masse___2_main_R05_precieux.svg,png_512/Masse___2_main/Masse___2_main_R05_precieux.png
Masse___2_main,6,epique,Épique,#ff7ee7,"rgba(255, 126, 231, 0.52)","rgba(255, 126, 231, 0.15)",,svg/Masse___2_main/Masse___2_main_R06_epique.svg,png_512/Masse___2_main/Masse___2_main_R06_epique.png
Masse___2_main,7,legendaire,Légendaire,#ff9f43,"rgba(255, 159, 67, 0.56)","rgba(255, 159, 67, 0.16)",,svg/Masse___2_main/Masse___2_main_R07_legendaire.svg,png_512/Masse___2_main/Masse___2_main_R07_legendaire.png
Masse___2_main,8,mythique,Mythique,#ff5f6d,"rgba(255, 95, 109, 0.58)","rgba(255, 95, 109, 0.16)",,svg/Masse___2_main/Masse___2_main_R08_mythique.svg,png_512/Masse___2_main/Masse___2_main_R08_mythique.png
Masse___2_main,9,artefact,Artefact,#ff009d,"rgba(255, 255, 255, 0.62)","linear-gradient(135deg, rgba(255, 255, 255, 0.18), rgba(241, 197, 106, 0.12))","0 0 18px rgba(255, 255, 255, 0.12)",svg/Masse___2_main/Masse___2_main_R09_artefact.svg,png_512/Masse___2_main/Masse___2_main_R09_artefact.png
Masse___2_main,10,objet-divin,Objet divin,#ffd900,"rgba(255, 243, 176, 0.75)","linear-gradient(135deg, rgba(255, 243, 176, 0.25), rgba(255, 126, 231, 0.14))","0 0 18px rgba(255, 243, 176, 0.22), 0 0 36px rgba(255, 126, 231, 0.10)",svg/Masse___2_main/Masse___2_main_R10_objet-divin.svg,png_512/Masse___2_main/Masse___2_main_R10_objet-divin.png
Masse,0,commun,Commun,#000000,"rgba(216, 216, 216, 0.38)","rgba(216, 216, 216, 0.10)",,svg/Masse/Masse_R00_commun.svg,png_512/Masse/Masse_R00_commun.png
Masse,1,peu-commun,Peu commun,#9dffb0,"rgba(157, 255, 176, 0.42)","rgba(157, 255, 176, 0.12)",,svg/Masse/Masse_R01_peu-commun.svg,png_512/Masse/Masse_R01_peu-commun.png
Masse,2,inhabituel,Inhabituel,#7ee1ff,"rgba(126, 231, 255, 0.42)","rgba(126, 231, 255, 0.12)",,svg/Masse/Masse_R02_inhabituel.svg,png_512/Masse/Masse_R02_inhabituel.png
Masse,3,rare,Rare,#6aa8ff,"rgba(106, 168, 255, 0.48)","rgba(106, 168, 255, 0.13)",,svg/Masse/Masse_R03_rare.svg,png_512/Masse/Masse_R03_rare.png
Masse,4,exceptionnel,Exceptionnel,#b48cff,"rgba(180, 140, 255, 0.50)","rgba(180, 140, 255, 0.14)",,svg/Masse/Masse_R04_exceptionnel.svg,png_512/Masse/Masse_R04_exceptionnel.png
Masse,5,precieux,Précieux,#ffd36a,"rgba(255, 211, 106, 0.52)","rgba(255, 211, 106, 0.15)",,svg/Masse/Masse_R05_precieux.svg,png_512/Masse/Masse_R05_precieux.png
Masse,6,epique,Épique,#ff7ee7,"rgba(255, 126, 231, 0.52)","rgba(255, 126, 231, 0.15)",,svg/Masse/Masse_R06_epique.svg,png_512/Masse/Masse_R06_epique.png
Masse,7,legendaire,Légendaire,#ff9f43,"rgba(255, 159, 67, 0.56)","rgba(255, 159, 67, 0.16)",,svg/Masse/Masse_R07_legendaire.svg,png_512/Masse/Masse_R07_legendaire.png
Masse,8,mythique,Mythique,#ff5f6d,"rgba(255, 95, 109, 0.58)","rgba(255, 95, 109, 0.16)",,svg/Masse/Masse_R08_mythique.svg,png_512/Masse/Masse_R08_mythique.png
Masse,9,artefact,Artefact,#ff009d,"rgba(255, 255, 255, 0.62)","linear-gradient(135deg, rgba(255, 255, 255, 0.18), rgba(241, 197, 106, 0.12))","0 0 18px rgba(255, 255, 255, 0.12)",svg/Masse/Masse_R09_artefact.svg,png_512/Masse/Masse_R09_artefact.png
Masse,10,objet-divin,Objet divin,#ffd900,"rgba(255, 243, 176, 0.75)","linear-gradient(135deg, rgba(255, 243, 176, 0.25), rgba(255, 126, 231, 0.14))","0 0 18px rgba(255, 243, 176, 0.22), 0 0 36px rgba(255, 126, 231, 0.10)",svg/Masse/Masse_R10_objet-divin.svg,png_512/Masse/Masse_R10_objet-divin.png
Mousquet,0,commun,Commun,#000000,"rgba(216, 216, 216, 0.38)","rgba(216, 216, 216, 0.10)",,svg/Mousquet/Mousquet_R00_commun.svg,png_512/Mousquet/Mousquet_R00_commun.png
Mousquet,1,peu-commun,Peu commun,#9dffb0,"rgba(157, 255, 176, 0.42)","rgba(157, 255, 176, 0.12)",,svg/Mousquet/Mousquet_R01_peu-commun.svg,png_512/Mousquet/Mousquet_R01_peu-commun.png
Mousquet,2,inhabituel,Inhabituel,#7ee1ff,"rgba(126, 231, 255, 0.42)","rgba(126, 231, 255, 0.12)",,svg/Mousquet/Mousquet_R02_inhabituel.svg,png_512/Mousquet/Mousquet_R02_inhabituel.png
Mousquet,3,rare,Rare,#6aa8ff,"rgba(106, 168, 255, 0.48)","rgba(106, 168, 255, 0.13)",,svg/Mousquet/Mousquet_R03_rare.svg,png_512/Mousquet/Mousquet_R03_rare.png
Mousquet,4,exceptionnel,Exceptionnel,#b48cff,"rgba(180, 140, 255, 0.50)","rgba(180, 140, 255, 0.14)",,svg/Mousquet/Mousquet_R04_exceptionnel.svg,png_512/Mousquet/Mousquet_R04_exceptionnel.png
Mousquet,5,precieux,Précieux,#ffd36a,"rgba(255, 211, 106, 0.52)","rgba(255, 211, 106, 0.15)",,svg/Mousquet/Mousquet_R05_precieux.svg,png_512/Mousquet/Mousquet_R05_precieux.png
Mousquet,6,epique,Épique,#ff7ee7,"rgba(255, 126, 231, 0.52)","rgba(255, 126, 231, 0.15)",,svg/Mousquet/Mousquet_R06_epique.svg,png_512/Mousquet/Mousquet_R06_epique.png
Mousquet,7,legendaire,Légendaire,#ff9f43,"rgba(255, 159, 67, 0.56)","rgba(255, 159, 67, 0.16)",,svg/Mousquet/Mousquet_R07_legendaire.svg,png_512/Mousquet/Mousquet_R07_legendaire.png
Mousquet,8,mythique,Mythique,#ff5f6d,"rgba(255, 95, 109, 0.58)","rgba(255, 95, 109, 0.16)",,svg/Mousquet/Mousquet_R08_mythique.svg,png_512/Mousquet/Mousquet_R08_mythique.png
Mousquet,9,artefact,Artefact,#ff009d,"rgba(255, 255, 255, 0.62)","linear-gradient(135deg, rgba(255, 255, 255, 0.18), rgba(241, 197, 106, 0.12))","0 0 18px rgba(255, 255, 255, 0.12)",svg/Mousquet/Mousquet_R09_artefact.svg,png_512/Mousquet/Mousquet_R09_artefact.png
Mousquet,10,objet-divin,Objet divin,#ffd900,"rgba(255, 243, 176, 0.75)","linear-gradient(135deg, rgba(255, 243, 176, 0.25), rgba(255, 126, 231, 0.14))","0 0 18px rgba(255, 243, 176, 0.22), 0 0 36px rgba(255, 126, 231, 0.10)",svg/Mousquet/Mousquet_R10_objet-divin.svg,png_512/Mousquet/Mousquet_R10_objet-divin.png
Petit_Bouclier,0,commun,Commun,#000000,"rgba(216, 216, 216, 0.38)","rgba(216, 216, 216, 0.10)",,svg/Petit_Bouclier/Petit_Bouclier_R00_commun.svg,png_512/Petit_Bouclier/Petit_Bouclier_R00_commun.png
Petit_Bouclier,1,peu-commun,Peu commun,#9dffb0,"rgba(157, 255, 176, 0.42)","rgba(157, 255, 176, 0.12)",,svg/Petit_Bouclier/Petit_Bouclier_R01_peu-commun.svg,png_512/Petit_Bouclier/Petit_Bouclier_R01_peu-commun.png
Petit_Bouclier,2,inhabituel,Inhabituel,#7ee1ff,"rgba(126, 231, 255, 0.42)","rgba(126, 231, 255, 0.12)",,svg/Petit_Bouclier/Petit_Bouclier_R02_inhabituel.svg,png_512/Petit_Bouclier/Petit_Bouclier_R02_inhabituel.png
Petit_Bouclier,3,rare,Rare,#6aa8ff,"rgba(106, 168, 255, 0.48)","rgba(106, 168, 255, 0.13)",,svg/Petit_Bouclier/Petit_Bouclier_R03_rare.svg,png_512/Petit_Bouclier/Petit_Bouclier_R03_rare.png
Petit_Bouclier,4,exceptionnel,Exceptionnel,#b48cff,"rgba(180, 140, 255, 0.50)","rgba(180, 140, 255, 0.14)",,svg/Petit_Bouclier/Petit_Bouclier_R04_exceptionnel.svg,png_512/Petit_Bouclier/Petit_Bouclier_R04_exceptionnel.png
Petit_Bouclier,5,precieux,Précieux,#ffd36a,"rgba(255, 211, 106, 0.52)","rgba(255, 211, 106, 0.15)",,svg/Petit_Bouclier/Petit_Bouclier_R05_precieux.svg,png_512/Petit_Bouclier/Petit_Bouclier_R05_precieux.png
Petit_Bouclier,6,epique,Épique,#ff7ee7,"rgba(255, 126, 231, 0.52)","rgba(255, 126, 231, 0.15)",,svg/Petit_Bouclier/Petit_Bouclier_R06_epique.svg,png_512/Petit_Bouclier/Petit_Bouclier_R06_epique.png
Petit_Bouclier,7,legendaire,Légendaire,#ff9f43,"rgba(255, 159, 67, 0.56)","rgba(255, 159, 67, 0.16)",,svg/Petit_Bouclier/Petit_Bouclier_R07_legendaire.svg,png_512/Petit_Bouclier/Petit_Bouclier_R07_legendaire.png
Petit_Bouclier,8,mythique,Mythique,#ff5f6d,"rgba(255, 95, 109, 0.58)","rgba(255, 95, 109, 0.16)",,svg/Petit_Bouclier/Petit_Bouclier_R08_mythique.svg,png_512/Petit_Bouclier/Petit_Bouclier_R08_mythique.png
Petit_Bouclier,9,artefact,Artefact,#ff009d,"rgba(255, 255, 255, 0.62)","linear-gradient(135deg, rgba(255, 255, 255, 0.18), rgba(241, 197, 106, 0.12))","0 0 18px rgba(255, 255, 255, 0.12)",svg/Petit_Bouclier/Petit_Bouclier_R09_artefact.svg,png_512/Petit_Bouclier/Petit_Bouclier_R09_artefact.png
Petit_Bouclier,10,objet-divin,Objet divin,#ffd900,"rgba(255, 243, 176, 0.75)","linear-gradient(135deg, rgba(255, 243, 176, 0.25), rgba(255, 126, 231, 0.14))","0 0 18px rgba(255, 243, 176, 0.22), 0 0 36px rgba(255, 126, 231, 0.10)",svg/Petit_Bouclier/Petit_Bouclier_R10_objet-divin.svg,png_512/Petit_Bouclier/Petit_Bouclier_R10_objet-divin.png
Petoire,0,commun,Commun,#000000,"rgba(216, 216, 216, 0.38)","rgba(216, 216, 216, 0.10)",,svg/Petoire/Petoire_R00_commun.svg,png_512/Petoire/Petoire_R00_commun.png
Petoire,1,peu-commun,Peu commun,#9dffb0,"rgba(157, 255, 176, 0.42)","rgba(157, 255, 176, 0.12)",,svg/Petoire/Petoire_R01_peu-commun.svg,png_512/Petoire/Petoire_R01_peu-commun.png
Petoire,2,inhabituel,Inhabituel,#7ee1ff,"rgba(126, 231, 255, 0.42)","rgba(126, 231, 255, 0.12)",,svg/Petoire/Petoire_R02_inhabituel.svg,png_512/Petoire/Petoire_R02_inhabituel.png
Petoire,3,rare,Rare,#6aa8ff,"rgba(106, 168, 255, 0.48)","rgba(106, 168, 255, 0.13)",,svg/Petoire/Petoire_R03_rare.svg,png_512/Petoire/Petoire_R03_rare.png
Petoire,4,exceptionnel,Exceptionnel,#b48cff,"rgba(180, 140, 255, 0.50)","rgba(180, 140, 255, 0.14)",,svg/Petoire/Petoire_R04_exceptionnel.svg,png_512/Petoire/Petoire_R04_exceptionnel.png
Petoire,5,precieux,Précieux,#ffd36a,"rgba(255, 211, 106, 0.52)","rgba(255, 211, 106, 0.15)",,svg/Petoire/Petoire_R05_precieux.svg,png_512/Petoire/Petoire_R05_precieux.png
Petoire,6,epique,Épique,#ff7ee7,"rgba(255, 126, 231, 0.52)","rgba(255, 126, 231, 0.15)",,svg/Petoire/Petoire_R06_epique.svg,png_512/Petoire/Petoire_R06_epique.png
Petoire,7,legendaire,Légendaire,#ff9f43,"rgba(255, 159, 67, 0.56)","rgba(255, 159, 67, 0.16)",,svg/Petoire/Petoire_R07_legendaire.svg,png_512/Petoire/Petoire_R07_legendaire.png
Petoire,8,mythique,Mythique,#ff5f6d,"rgba(255, 95, 109, 0.58)","rgba(255, 95, 109, 0.16)",,svg/Petoire/Petoire_R08_mythique.svg,png_512/Petoire/Petoire_R08_mythique.png
Petoire,9,artefact,Artefact,#ff009d,"rgba(255, 255, 255, 0.62)","linear-gradient(135deg, rgba(255, 255, 255, 0.18), rgba(241, 197, 106, 0.12))","0 0 18px rgba(255, 255, 255, 0.12)",svg/Petoire/Petoire_R09_artefact.svg,png_512/Petoire/Petoire_R09_artefact.png
Petoire,10,objet-divin,Objet divin,#ffd900,"rgba(255, 243, 176, 0.75)","linear-gradient(135deg, rgba(255, 243, 176, 0.25), rgba(255, 126, 231, 0.14))","0 0 18px rgba(255, 243, 176, 0.22), 0 0 36px rgba(255, 126, 231, 0.10)",svg/Petoire/Petoire_R10_objet-divin.svg,png_512/Petoire/Petoire_R10_objet-divin.png
plaque,0,commun,Commun,#000000,"rgba(216, 216, 216, 0.38)","rgba(216, 216, 216, 0.10)",,svg/plaque/plaque_R00_commun.svg,png_512/plaque/plaque_R00_commun.png
plaque,1,peu-commun,Peu commun,#9dffb0,"rgba(157, 255, 176, 0.42)","rgba(157, 255, 176, 0.12)",,svg/plaque/plaque_R01_peu-commun.svg,png_512/plaque/plaque_R01_peu-commun.png
plaque,2,inhabituel,Inhabituel,#7ee1ff,"rgba(126, 231, 255, 0.42)","rgba(126, 231, 255, 0.12)",,svg/plaque/plaque_R02_inhabituel.svg,png_512/plaque/plaque_R02_inhabituel.png
plaque,3,rare,Rare,#6aa8ff,"rgba(106, 168, 255, 0.48)","rgba(106, 168, 255, 0.13)",,svg/plaque/plaque_R03_rare.svg,png_512/plaque/plaque_R03_rare.png
plaque,4,exceptionnel,Exceptionnel,#b48cff,"rgba(180, 140, 255, 0.50)","rgba(180, 140, 255, 0.14)",,svg/plaque/plaque_R04_exceptionnel.svg,png_512/plaque/plaque_R04_exceptionnel.png
plaque,5,precieux,Précieux,#ffd36a,"rgba(255, 211, 106, 0.52)","rgba(255, 211, 106, 0.15)",,svg/plaque/plaque_R05_precieux.svg,png_512/plaque/plaque_R05_precieux.png
plaque,6,epique,Épique,#ff7ee7,"rgba(255, 126, 231, 0.52)","rgba(255, 126, 231, 0.15)",,svg/plaque/plaque_R06_epique.svg,png_512/plaque/plaque_R06_epique.png
plaque,7,legendaire,Légendaire,#ff9f43,"rgba(255, 159, 67, 0.56)","rgba(255, 159, 67, 0.16)",,svg/plaque/plaque_R07_legendaire.svg,png_512/plaque/plaque_R07_legendaire.png
plaque,8,mythique,Mythique,#ff5f6d,"rgba(255, 95, 109, 0.58)","rgba(255, 95, 109, 0.16)",,svg/plaque/plaque_R08_mythique.svg,png_512/plaque/plaque_R08_mythique.png
plaque,9,artefact,Artefact,#ff009d,"rgba(255, 255, 255, 0.62)","linear-gradient(135deg, rgba(255, 255, 255, 0.18), rgba(241, 197, 106, 0.12))","0 0 18px rgba(255, 255, 255, 0.12)",svg/plaque/plaque_R09_artefact.svg,png_512/plaque/plaque_R09_artefact.png
plaque,10,objet-divin,Objet divin,#ffd900,"rgba(255, 243, 176, 0.75)","linear-gradient(135deg, rgba(255, 243, 176, 0.25), rgba(255, 126, 231, 0.14))","0 0 18px rgba(255, 243, 176, 0.22), 0 0 36px rgba(255, 126, 231, 0.10)",svg/plaque/plaque_R10_objet-divin.svg,png_512/plaque/plaque_R10_objet-divin.png
potion-ball,0,commun,Commun,#000000,"rgba(216, 216, 216, 0.38)","rgba(216, 216, 216, 0.10)",,svg/potion-ball/potion-ball_R00_commun.svg,png_512/potion-ball/potion-ball_R00_commun.png
potion-ball,1,peu-commun,Peu commun,#9dffb0,"rgba(157, 255, 176, 0.42)","rgba(157, 255, 176, 0.12)",,svg/potion-ball/potion-ball_R01_peu-commun.svg,png_512/potion-ball/potion-ball_R01_peu-commun.png
potion-ball,2,inhabituel,Inhabituel,#7ee1ff,"rgba(126, 231, 255, 0.42)","rgba(126, 231, 255, 0.12)",,svg/potion-ball/potion-ball_R02_inhabituel.svg,png_512/potion-ball/potion-ball_R02_inhabituel.png
potion-ball,3,rare,Rare,#6aa8ff,"rgba(106, 168, 255, 0.48)","rgba(106, 168, 255, 0.13)",,svg/potion-ball/potion-ball_R03_rare.svg,png_512/potion-ball/potion-ball_R03_rare.png
potion-ball,4,exceptionnel,Exceptionnel,#b48cff,"rgba(180, 140, 255, 0.50)","rgba(180, 140, 255, 0.14)",,svg/potion-ball/potion-ball_R04_exceptionnel.svg,png_512/potion-ball/potion-ball_R04_exceptionnel.png
potion-ball,5,precieux,Précieux,#ffd36a,"rgba(255, 211, 106, 0.52)","rgba(255, 211, 106, 0.15)",,svg/potion-ball/potion-ball_R05_precieux.svg,png_512/potion-ball/potion-ball_R05_precieux.png
potion-ball,6,epique,Épique,#ff7ee7,"rgba(255, 126, 231, 0.52)","rgba(255, 126, 231, 0.15)",,svg/potion-ball/potion-ball_R06_epique.svg,png_512/potion-ball/potion-ball_R06_epique.png
potion-ball,7,legendaire,Légendaire,#ff9f43,"rgba(255, 159, 67, 0.56)","rgba(255, 159, 67, 0.16)",,svg/potion-ball/potion-ball_R07_legendaire.svg,png_512/potion-ball/potion-ball_R07_legendaire.png
potion-ball,8,mythique,Mythique,#ff5f6d,"rgba(255, 95, 109, 0.58)","rgba(255, 95, 109, 0.16)",,svg/potion-ball/potion-ball_R08_mythique.svg,png_512/potion-ball/potion-ball_R08_mythique.png
potion-ball,9,artefact,Artefact,#ff009d,"rgba(255, 255, 255, 0.62)","linear-gradient(135deg, rgba(255, 255, 255, 0.18), rgba(241, 197, 106, 0.12))","0 0 18px rgba(255, 255, 255, 0.12)",svg/potion-ball/potion-ball_R09_artefact.svg,png_512/potion-ball/potion-ball_R09_artefact.png
potion-ball,10,objet-divin,Objet divin,#ffd900,"rgba(255, 243, 176, 0.75)","linear-gradient(135deg, rgba(255, 243, 176, 0.25), rgba(255, 126, 231, 0.14))","0 0 18px rgba(255, 243, 176, 0.22), 0 0 36px rgba(255, 126, 231, 0.10)",svg/potion-ball/potion-ball_R10_objet-divin.svg,png_512/potion-ball/potion-ball_R10_objet-divin.png
potion-of-madness,0,commun,Commun,#000000,"rgba(216, 216, 216, 0.38)","rgba(216, 216, 216, 0.10)",,svg/potion-of-madness/potion-of-madness_R00_commun.svg,png_512/potion-of-madness/potion-of-madness_R00_commun.png
potion-of-madness,1,peu-commun,Peu commun,#9dffb0,"rgba(157, 255, 176, 0.42)","rgba(157, 255, 176, 0.12)",,svg/potion-of-madness/potion-of-madness_R01_peu-commun.svg,png_512/potion-of-madness/potion-of-madness_R01_peu-commun.png
potion-of-madness,2,inhabituel,Inhabituel,#7ee1ff,"rgba(126, 231, 255, 0.42)","rgba(126, 231, 255, 0.12)",,svg/potion-of-madness/potion-of-madness_R02_inhabituel.svg,png_512/potion-of-madness/potion-of-madness_R02_inhabituel.png
potion-of-madness,3,rare,Rare,#6aa8ff,"rgba(106, 168, 255, 0.48)","rgba(106, 168, 255, 0.13)",,svg/potion-of-madness/potion-of-madness_R03_rare.svg,png_512/potion-of-madness/potion-of-madness_R03_rare.png
potion-of-madness,4,exceptionnel,Exceptionnel,#b48cff,"rgba(180, 140, 255, 0.50)","rgba(180, 140, 255, 0.14)",,svg/potion-of-madness/potion-of-madness_R04_exceptionnel.svg,png_512/potion-of-madness/potion-of-madness_R04_exceptionnel.png
potion-of-madness,5,precieux,Précieux,#ffd36a,"rgba(255, 211, 106, 0.52)","rgba(255, 211, 106, 0.15)",,svg/potion-of-madness/potion-of-madness_R05_precieux.svg,png_512/potion-of-madness/potion-of-madness_R05_precieux.png
potion-of-madness,6,epique,Épique,#ff7ee7,"rgba(255, 126, 231, 0.52)","rgba(255, 126, 231, 0.15)",,svg/potion-of-madness/potion-of-madness_R06_epique.svg,png_512/potion-of-madness/potion-of-madness_R06_epique.png
potion-of-madness,7,legendaire,Légendaire,#ff9f43,"rgba(255, 159, 67, 0.56)","rgba(255, 159, 67, 0.16)",,svg/potion-of-madness/potion-of-madness_R07_legendaire.svg,png_512/potion-of-madness/potion-of-madness_R07_legendaire.png
potion-of-madness,8,mythique,Mythique,#ff5f6d,"rgba(255, 95, 109, 0.58)","rgba(255, 95, 109, 0.16)",,svg/potion-of-madness/potion-of-madness_R08_mythique.svg,png_512/potion-of-madness/potion-of-madness_R08_mythique.png
potion-of-madness,9,artefact,Artefact,#ff009d,"rgba(255, 255, 255, 0.62)","linear-gradient(135deg, rgba(255, 255, 255, 0.18), rgba(241, 197, 106, 0.12))","0 0 18px rgba(255, 255, 255, 0.12)",svg/potion-of-madness/potion-of-madness_R09_artefact.svg,png_512/potion-of-madness/potion-of-madness_R09_artefact.png
potion-of-madness,10,objet-divin,Objet divin,#ffd900,"rgba(255, 243, 176, 0.75)","linear-gradient(135deg, rgba(255, 243, 176, 0.25), rgba(255, 126, 231, 0.14))","0 0 18px rgba(255, 243, 176, 0.22), 0 0 36px rgba(255, 126, 231, 0.10)",svg/potion-of-madness/potion-of-madness_R10_objet-divin.svg,png_512/potion-of-madness/potion-of-madness_R10_objet-divin.png
Rapiere,0,commun,Commun,#000000,"rgba(216, 216, 216, 0.38)","rgba(216, 216, 216, 0.10)",,svg/Rapiere/Rapiere_R00_commun.svg,png_512/Rapiere/Rapiere_R00_commun.png
Rapiere,1,peu-commun,Peu commun,#9dffb0,"rgba(157, 255, 176, 0.42)","rgba(157, 255, 176, 0.12)",,svg/Rapiere/Rapiere_R01_peu-commun.svg,png_512/Rapiere/Rapiere_R01_peu-commun.png
Rapiere,2,inhabituel,Inhabituel,#7ee1ff,"rgba(126, 231, 255, 0.42)","rgba(126, 231, 255, 0.12)",,svg/Rapiere/Rapiere_R02_inhabituel.svg,png_512/Rapiere/Rapiere_R02_inhabituel.png
Rapiere,3,rare,Rare,#6aa8ff,"rgba(106, 168, 255, 0.48)","rgba(106, 168, 255, 0.13)",,svg/Rapiere/Rapiere_R03_rare.svg,png_512/Rapiere/Rapiere_R03_rare.png
Rapiere,4,exceptionnel,Exceptionnel,#b48cff,"rgba(180, 140, 255, 0.50)","rgba(180, 140, 255, 0.14)",,svg/Rapiere/Rapiere_R04_exceptionnel.svg,png_512/Rapiere/Rapiere_R04_exceptionnel.png
Rapiere,5,precieux,Précieux,#ffd36a,"rgba(255, 211, 106, 0.52)","rgba(255, 211, 106, 0.15)",,svg/Rapiere/Rapiere_R05_precieux.svg,png_512/Rapiere/Rapiere_R05_precieux.png
Rapiere,6,epique,Épique,#ff7ee7,"rgba(255, 126, 231, 0.52)","rgba(255, 126, 231, 0.15)",,svg/Rapiere/Rapiere_R06_epique.svg,png_512/Rapiere/Rapiere_R06_epique.png
Rapiere,7,legendaire,Légendaire,#ff9f43,"rgba(255, 159, 67, 0.56)","rgba(255, 159, 67, 0.16)",,svg/Rapiere/Rapiere_R07_legendaire.svg,png_512/Rapiere/Rapiere_R07_legendaire.png
Rapiere,8,mythique,Mythique,#ff5f6d,"rgba(255, 95, 109, 0.58)","rgba(255, 95, 109, 0.16)",,svg/Rapiere/Rapiere_R08_mythique.svg,png_512/Rapiere/Rapiere_R08_mythique.png
Rapiere,9,artefact,Artefact,#ff009d,"rgba(255, 255, 255, 0.62)","linear-gradient(135deg, rgba(255, 255, 255, 0.18), rgba(241, 197, 106, 0.12))","0 0 18px rgba(255, 255, 255, 0.12)",svg/Rapiere/Rapiere_R09_artefact.svg,png_512/Rapiere/Rapiere_R09_artefact.png
Rapiere,10,objet-divin,Objet divin,#ffd900,"rgba(255, 243, 176, 0.75)","linear-gradient(135deg, rgba(255, 243, 176, 0.25), rgba(255, 126, 231, 0.14))","0 0 18px rgba(255, 243, 176, 0.22), 0 0 36px rgba(255, 126, 231, 0.10)",svg/Rapiere/Rapiere_R10_objet-divin.svg,png_512/Rapiere/Rapiere_R10_objet-divin.png
ring,0,commun,Commun,#000000,"rgba(216, 216, 216, 0.38)","rgba(216, 216, 216, 0.10)",,svg/ring/ring_R00_commun.svg,png_512/ring/ring_R00_commun.png
ring,1,peu-commun,Peu commun,#9dffb0,"rgba(157, 255, 176, 0.42)","rgba(157, 255, 176, 0.12)",,svg/ring/ring_R01_peu-commun.svg,png_512/ring/ring_R01_peu-commun.png
ring,2,inhabituel,Inhabituel,#7ee1ff,"rgba(126, 231, 255, 0.42)","rgba(126, 231, 255, 0.12)",,svg/ring/ring_R02_inhabituel.svg,png_512/ring/ring_R02_inhabituel.png
ring,3,rare,Rare,#6aa8ff,"rgba(106, 168, 255, 0.48)","rgba(106, 168, 255, 0.13)",,svg/ring/ring_R03_rare.svg,png_512/ring/ring_R03_rare.png
ring,4,exceptionnel,Exceptionnel,#b48cff,"rgba(180, 140, 255, 0.50)","rgba(180, 140, 255, 0.14)",,svg/ring/ring_R04_exceptionnel.svg,png_512/ring/ring_R04_exceptionnel.png
ring,5,precieux,Précieux,#ffd36a,"rgba(255, 211, 106, 0.52)","rgba(255, 211, 106, 0.15)",,svg/ring/ring_R05_precieux.svg,png_512/ring/ring_R05_precieux.png
ring,6,epique,Épique,#ff7ee7,"rgba(255, 126, 231, 0.52)","rgba(255, 126, 231, 0.15)",,svg/ring/ring_R06_epique.svg,png_512/ring/ring_R06_epique.png
ring,7,legendaire,Légendaire,#ff9f43,"rgba(255, 159, 67, 0.56)","rgba(255, 159, 67, 0.16)",,svg/ring/ring_R07_legendaire.svg,png_512/ring/ring_R07_legendaire.png
ring,8,mythique,Mythique,#ff5f6d,"rgba(255, 95, 109, 0.58)","rgba(255, 95, 109, 0.16)",,svg/ring/ring_R08_mythique.svg,png_512/ring/ring_R08_mythique.png
ring,9,artefact,Artefact,#ff009d,"rgba(255, 255, 255, 0.62)","linear-gradient(135deg, rgba(255, 255, 255, 0.18), rgba(241, 197, 106, 0.12))","0 0 18px rgba(255, 255, 255, 0.12)",svg/ring/ring_R09_artefact.svg,png_512/ring/ring_R09_artefact.png
ring,10,objet-divin,Objet divin,#ffd900,"rgba(255, 243, 176, 0.75)","linear-gradient(135deg, rgba(255, 243, 176, 0.25), rgba(255, 126, 231, 0.14))","0 0 18px rgba(255, 243, 176, 0.22), 0 0 36px rgba(255, 126, 231, 0.10)",svg/ring/ring_R10_objet-divin.svg,png_512/ring/ring_R10_objet-divin.png
round-potion,0,commun,Commun,#000000,"rgba(216, 216, 216, 0.38)","rgba(216, 216, 216, 0.10)",,svg/round-potion/round-potion_R00_commun.svg,png_512/round-potion/round-potion_R00_commun.png
round-potion,1,peu-commun,Peu commun,#9dffb0,"rgba(157, 255, 176, 0.42)","rgba(157, 255, 176, 0.12)",,svg/round-potion/round-potion_R01_peu-commun.svg,png_512/round-potion/round-potion_R01_peu-commun.png
round-potion,2,inhabituel,Inhabituel,#7ee1ff,"rgba(126, 231, 255, 0.42)","rgba(126, 231, 255, 0.12)",,svg/round-potion/round-potion_R02_inhabituel.svg,png_512/round-potion/round-potion_R02_inhabituel.png
round-potion,3,rare,Rare,#6aa8ff,"rgba(106, 168, 255, 0.48)","rgba(106, 168, 255, 0.13)",,svg/round-potion/round-potion_R03_rare.svg,png_512/round-potion/round-potion_R03_rare.png
round-potion,4,exceptionnel,Exceptionnel,#b48cff,"rgba(180, 140, 255, 0.50)","rgba(180, 140, 255, 0.14)",,svg/round-potion/round-potion_R04_exceptionnel.svg,png_512/round-potion/round-potion_R04_exceptionnel.png
round-potion,5,precieux,Précieux,#ffd36a,"rgba(255, 211, 106, 0.52)","rgba(255, 211, 106, 0.15)",,svg/round-potion/round-potion_R05_precieux.svg,png_512/round-potion/round-potion_R05_precieux.png
round-potion,6,epique,Épique,#ff7ee7,"rgba(255, 126, 231, 0.52)","rgba(255, 126, 231, 0.15)",,svg/round-potion/round-potion_R06_epique.svg,png_512/round-potion/round-potion_R06_epique.png
round-potion,7,legendaire,Légendaire,#ff9f43,"rgba(255, 159, 67, 0.56)","rgba(255, 159, 67, 0.16)",,svg/round-potion/round-potion_R07_legendaire.svg,png_512/round-potion/round-potion_R07_legendaire.png
round-potion,8,mythique,Mythique,#ff5f6d,"rgba(255, 95, 109, 0.58)","rgba(255, 95, 109, 0.16)",,svg/round-potion/round-potion_R08_mythique.svg,png_512/round-potion/round-potion_R08_mythique.png
round-potion,9,artefact,Artefact,#ff009d,"rgba(255, 255, 255, 0.62)","linear-gradient(135deg, rgba(255, 255, 255, 0.18), rgba(241, 197, 106, 0.12))","0 0 18px rgba(255, 255, 255, 0.12)",svg/round-potion/round-potion_R09_artefact.svg,png_512/round-potion/round-potion_R09_artefact.png
round-potion,10,objet-divin,Objet divin,#ffd900,"rgba(255, 243, 176, 0.75)","linear-gradient(135deg, rgba(255, 243, 176, 0.25), rgba(255, 126, 231, 0.14))","0 0 18px rgba(255, 243, 176, 0.22), 0 0 36px rgba(255, 126, 231, 0.10)",svg/round-potion/round-potion_R10_objet-divin.svg,png_512/round-potion/round-potion_R10_objet-divin.png
scroll-unfurled,0,commun,Commun,#000000,"rgba(216, 216, 216, 0.38)","rgba(216, 216, 216, 0.10)",,svg/scroll-unfurled/scroll-unfurled_R00_commun.svg,png_512/scroll-unfurled/scroll-unfurled_R00_commun.png
scroll-unfurled,1,peu-commun,Peu commun,#9dffb0,"rgba(157, 255, 176, 0.42)","rgba(157, 255, 176, 0.12)",,svg/scroll-unfurled/scroll-unfurled_R01_peu-commun.svg,png_512/scroll-unfurled/scroll-unfurled_R01_peu-commun.png
scroll-unfurled,2,inhabituel,Inhabituel,#7ee1ff,"rgba(126, 231, 255, 0.42)","rgba(126, 231, 255, 0.12)",,svg/scroll-unfurled/scroll-unfurled_R02_inhabituel.svg,png_512/scroll-unfurled/scroll-unfurled_R02_inhabituel.png
scroll-unfurled,3,rare,Rare,#6aa8ff,"rgba(106, 168, 255, 0.48)","rgba(106, 168, 255, 0.13)",,svg/scroll-unfurled/scroll-unfurled_R03_rare.svg,png_512/scroll-unfurled/scroll-unfurled_R03_rare.png
scroll-unfurled,4,exceptionnel,Exceptionnel,#b48cff,"rgba(180, 140, 255, 0.50)","rgba(180, 140, 255, 0.14)",,svg/scroll-unfurled/scroll-unfurled_R04_exceptionnel.svg,png_512/scroll-unfurled/scroll-unfurled_R04_exceptionnel.png
scroll-unfurled,5,precieux,Précieux,#ffd36a,"rgba(255, 211, 106, 0.52)","rgba(255, 211, 106, 0.15)",,svg/scroll-unfurled/scroll-unfurled_R05_precieux.svg,png_512/scroll-unfurled/scroll-unfurled_R05_precieux.png
scroll-unfurled,6,epique,Épique,#ff7ee7,"rgba(255, 126, 231, 0.52)","rgba(255, 126, 231, 0.15)",,svg/scroll-unfurled/scroll-unfurled_R06_epique.svg,png_512/scroll-unfurled/scroll-unfurled_R06_epique.png
scroll-unfurled,7,legendaire,Légendaire,#ff9f43,"rgba(255, 159, 67, 0.56)","rgba(255, 159, 67, 0.16)",,svg/scroll-unfurled/scroll-unfurled_R07_legendaire.svg,png_512/scroll-unfurled/scroll-unfurled_R07_legendaire.png
scroll-unfurled,8,mythique,Mythique,#ff5f6d,"rgba(255, 95, 109, 0.58)","rgba(255, 95, 109, 0.16)",,svg/scroll-unfurled/scroll-unfurled_R08_mythique.svg,png_512/scroll-unfurled/scroll-unfurled_R08_mythique.png
scroll-unfurled,9,artefact,Artefact,#ff009d,"rgba(255, 255, 255, 0.62)","linear-gradient(135deg, rgba(255, 255, 255, 0.18), rgba(241, 197, 106, 0.12))","0 0 18px rgba(255, 255, 255, 0.12)",svg/scroll-unfurled/scroll-unfurled_R09_artefact.svg,png_512/scroll-unfurled/scroll-unfurled_R09_artefact.png
scroll-unfurled,10,objet-divin,Objet divin,#ffd900,"rgba(255, 243, 176, 0.75)","linear-gradient(135deg, rgba(255, 243, 176, 0.25), rgba(255, 126, 231, 0.14))","0 0 18px rgba(255, 243, 176, 0.22), 0 0 36px rgba(255, 126, 231, 0.10)",svg/scroll-unfurled/scroll-unfurled_R10_objet-divin.svg,png_512/scroll-unfurled/scroll-unfurled_R10_objet-divin.png
swap-bag,0,commun,Commun,#000000,"rgba(216, 216, 216, 0.38)","rgba(216, 216, 216, 0.10)",,svg/swap-bag/swap-bag_R00_commun.svg,png_512/swap-bag/swap-bag_R00_commun.png
swap-bag,1,peu-commun,Peu commun,#9dffb0,"rgba(157, 255, 176, 0.42)","rgba(157, 255, 176, 0.12)",,svg/swap-bag/swap-bag_R01_peu-commun.svg,png_512/swap-bag/swap-bag_R01_peu-commun.png
swap-bag,2,inhabituel,Inhabituel,#7ee1ff,"rgba(126, 231, 255, 0.42)","rgba(126, 231, 255, 0.12)",,svg/swap-bag/swap-bag_R02_inhabituel.svg,png_512/swap-bag/swap-bag_R02_inhabituel.png
swap-bag,3,rare,Rare,#6aa8ff,"rgba(106, 168, 255, 0.48)","rgba(106, 168, 255, 0.13)",,svg/swap-bag/swap-bag_R03_rare.svg,png_512/swap-bag/swap-bag_R03_rare.png
swap-bag,4,exceptionnel,Exceptionnel,#b48cff,"rgba(180, 140, 255, 0.50)","rgba(180, 140, 255, 0.14)",,svg/swap-bag/swap-bag_R04_exceptionnel.svg,png_512/swap-bag/swap-bag_R04_exceptionnel.png
swap-bag,5,precieux,Précieux,#ffd36a,"rgba(255, 211, 106, 0.52)","rgba(255, 211, 106, 0.15)",,svg/swap-bag/swap-bag_R05_precieux.svg,png_512/swap-bag/swap-bag_R05_precieux.png
swap-bag,6,epique,Épique,#ff7ee7,"rgba(255, 126, 231, 0.52)","rgba(255, 126, 231, 0.15)",,svg/swap-bag/swap-bag_R06_epique.svg,png_512/swap-bag/swap-bag_R06_epique.png
swap-bag,7,legendaire,Légendaire,#ff9f43,"rgba(255, 159, 67, 0.56)","rgba(255, 159, 67, 0.16)",,svg/swap-bag/swap-bag_R07_legendaire.svg,png_512/swap-bag/swap-bag_R07_legendaire.png
swap-bag,8,mythique,Mythique,#ff5f6d,"rgba(255, 95, 109, 0.58)","rgba(255, 95, 109, 0.16)",,svg/swap-bag/swap-bag_R08_mythique.svg,png_512/swap-bag/swap-bag_R08_mythique.png
swap-bag,9,artefact,Artefact,#ff009d,"rgba(255, 255, 255, 0.62)","linear-gradient(135deg, rgba(255, 255, 255, 0.18), rgba(241, 197, 106, 0.12))","0 0 18px rgba(255, 255, 255, 0.12)",svg/swap-bag/swap-bag_R09_artefact.svg,png_512/swap-bag/swap-bag_R09_artefact.png
swap-bag,10,objet-divin,Objet divin,#ffd900,"rgba(255, 243, 176, 0.75)","linear-gradient(135deg, rgba(255, 243, 176, 0.25), rgba(255, 126, 231, 0.14))","0 0 18px rgba(255, 243, 176, 0.22), 0 0 36px rgba(255, 126, 231, 0.10)",svg/swap-bag/swap-bag_R10_objet-divin.svg,png_512/swap-bag/swap-bag_R10_objet-divin.png
Tissu,0,commun,Commun,#000000,"rgba(216, 216, 216, 0.38)","rgba(216, 216, 216, 0.10)",,svg/Tissu/Tissu_R00_commun.svg,png_512/Tissu/Tissu_R00_commun.png
Tissu,1,peu-commun,Peu commun,#9dffb0,"rgba(157, 255, 176, 0.42)","rgba(157, 255, 176, 0.12)",,svg/Tissu/Tissu_R01_peu-commun.svg,png_512/Tissu/Tissu_R01_peu-commun.png
Tissu,2,inhabituel,Inhabituel,#7ee1ff,"rgba(126, 231, 255, 0.42)","rgba(126, 231, 255, 0.12)",,svg/Tissu/Tissu_R02_inhabituel.svg,png_512/Tissu/Tissu_R02_inhabituel.png
Tissu,3,rare,Rare,#6aa8ff,"rgba(106, 168, 255, 0.48)","rgba(106, 168, 255, 0.13)",,svg/Tissu/Tissu_R03_rare.svg,png_512/Tissu/Tissu_R03_rare.png
Tissu,4,exceptionnel,Exceptionnel,#b48cff,"rgba(180, 140, 255, 0.50)","rgba(180, 140, 255, 0.14)",,svg/Tissu/Tissu_R04_exceptionnel.svg,png_512/Tissu/Tissu_R04_exceptionnel.png
Tissu,5,precieux,Précieux,#ffd36a,"rgba(255, 211, 106, 0.52)","rgba(255, 211, 106, 0.15)",,svg/Tissu/Tissu_R05_precieux.svg,png_512/Tissu/Tissu_R05_precieux.png
Tissu,6,epique,Épique,#ff7ee7,"rgba(255, 126, 231, 0.52)","rgba(255, 126, 231, 0.15)",,svg/Tissu/Tissu_R06_epique.svg,png_512/Tissu/Tissu_R06_epique.png
Tissu,7,legendaire,Légendaire,#ff9f43,"rgba(255, 159, 67, 0.56)","rgba(255, 159, 67, 0.16)",,svg/Tissu/Tissu_R07_legendaire.svg,png_512/Tissu/Tissu_R07_legendaire.png
Tissu,8,mythique,Mythique,#ff5f6d,"rgba(255, 95, 109, 0.58)","rgba(255, 95, 109, 0.16)",,svg/Tissu/Tissu_R08_mythique.svg,png_512/Tissu/Tissu_R08_mythique.png
Tissu,9,artefact,Artefact,#ff009d,"rgba(255, 255, 255, 0.62)","linear-gradient(135deg, rgba(255, 255, 255, 0.18), rgba(241, 197, 106, 0.12))","0 0 18px rgba(255, 255, 255, 0.12)",svg/Tissu/Tissu_R09_artefact.svg,png_512/Tissu/Tissu_R09_artefact.png
Tissu,10,objet-divin,Objet divin,#ffd900,"rgba(255, 243, 176, 0.75)","linear-gradient(135deg, rgba(255, 243, 176, 0.25), rgba(255, 126, 231, 0.14))","0 0 18px rgba(255, 243, 176, 0.22), 0 0 36px rgba(255, 126, 231, 0.10)",svg/Tissu/Tissu_R10_objet-divin.svg,png_512/Tissu/Tissu_R10_objet-divin.png
